burst duration,within-burst spiking freq,within-burst max spiking freq,within-burst number of spikes,inter-burst interval,percentage of burst spikes,burst frequency,mean surprise,max surprise,Subject,Neuron,Stimuli
0.31229999999999336,16.01024655779733,16.01024655779733,5,0.0,1.0,1.055854714391293,2.66700841949553,2.66700841949553,070906,S1U1,Lin
0.0817000000000121,85.67931456547079,85.67931456547079,7,0.0,0.6363636363636364,2.89184499710818,1.4371577734209409,1.4371577734209409,070906,S1U1,Lin
0.22560000000001423,17.73049645389959,17.73049645389959,4,0.0,0.5714285714285714,1.0016025641025603,1.6934334476802169,1.6934334476802169,070906,S2U1,Lin
0.4526000000000181,19.885108263366416,59.64214711727093,9,0.30219999999999914,0.6,3.0153784299929605,1.7079573163817046,2.1729714456710054,070906,S2U1,Lin
0.12829999999999586,23.382696804365523,23.382696804365523,3,0.0,0.5,1.7602534765006566,0.8541791811984529,0.8541791811984529,070906,S2U4,Lin
0.1758000000000095,17.06484641638133,17.06484641638133,3,0.0,0.375,1.0522992739135026,0.6822562395861925,0.6822562395861925,070906,S2U4,Lin
0.024999999999977263,120.00000000010914,120.00000000010914,3,0.0,0.6,2.25428313796211,2.201126395710721,2.201126395710721,070906,S2U5,Lin
0.06290000000001328,47.69475357709645,47.69475357709645,3,0.0,0.75,1.3910140492418601,1.6626425852186062,1.6626425852186062,070906,S3U2,Lin
0.6476999999999862,9.263547938860782,12.019230769231408,6,0.04650000000000887,0.8571428571428571,2.0887728459530424,0.9762640327982912,1.0958364621372114,070906,S4U1,Lin
0.11270000000001801,70.98491570540126,84.50704225348973,8,0.37479999999999336,0.47058823529411764,2.014301540940696,1.8392825991397728,1.843087574299983,070906,S1U3,Lin
0.09479999999999222,31.64556962025576,31.64556962025576,3,0.0,1.0,2.3747328425552374,1.4179661974045685,1.4179661974045685,070906,S1U3,Lin
0.1022000000000105,29.3542074363962,29.3542074363962,3,0.0,1.0,1.1634671320535235,2.1907481038501007,2.1907481038501007,070906,S1U3,Lin
0.056300000000021555,106.57193605679757,106.57193605679757,6,0.0,0.5,1.012555690562966,3.666663580469124,3.666663580469124,070906,S1U3,Lin
0.508700000000033,11.794770984862613,71.94244604313087,6,0.01989999999997849,0.75,3.0229746070132038,1.267321824445455,1.399837672533077,070906,S1U3,Lin
0.3871000000000038,7.749935417204781,7.749935417204781,3,0.0,1.0,1.0615711252653846,1.0443093640184604,1.0443093640184604,070906,S3U3,Lin
0.04290000000000305,69.93006993006496,69.93006993006496,3,0.0,0.42857142857142855,1.7205781142464,1.6267421713548993,1.6267421713548993,070906,S3U3,Lin
0.098700000000008,50.65856129685506,50.65856129685506,5,0.0,0.38461538461538464,1.0360547036883745,2.1855965658067977,2.1855965658067977,070913,S2U1,Ctl
0.12489999999991142,64.05124099283967,70.58823529427626,8,0.169399999999996,0.47058823529411764,2.2033711578713233,1.655065243620895,1.946610359604506,070913,S2U1,Ctl
0.08179999999993015,36.67481662594819,36.67481662594819,3,0.0,0.16666666666666666,1.0759629868732667,0.7580552667557333,0.7580552667557333,070913,S2U1,Ctl
0.088799999999992,67.56756756757366,75.37688442208437,6,0.13360000000000127,0.35294117647058826,2.0468734008800213,1.3605398338757442,1.6386518655320976,070913,S2U1,Ctl
0.1936000000000604,36.157024793377154,36.157024793377154,7,0.0,0.3888888888888889,1.0958904109588767,1.4158045138682682,1.4158045138682682,070913,S3U1,Ctl
0.07920000000001437,37.878787878781004,37.878787878781004,3,0.0,0.17647058823529413,1.0236462278635305,0.7879696226691146,0.7879696226691146,070913,S3U1,Ctl
0.15180000000009386,19.762845849790153,19.762845849790153,3,0.0,0.1875,1.002506265664101,0.8758904712245678,0.8758904712245678,070913,S3U1,Ctl
0.028900000000021464,138.4083044981671,138.4083044981671,4,0.0,0.2,1.0466820180028713,2.246321207725927,2.246321207725927,070913,S3U1,Ctl
0.1697999999998956,17.667844522979063,17.667844522979063,3,0.0,1.0,1.1021712774164163,1.2972120071101245,1.2972120071101245,070913,S3U2,Ctl
0.530399999999986,7.541478129713623,7.541478129713623,4,0.0,0.8,1.0097950116125942,1.0855938985465166,1.0855938985465166,070913,S3U2,Ctl
0.2624999999999318,26.666666666673596,26.666666666673596,7,0.0,0.7,1.002506265664101,1.5858710058052325,1.5858710058052325,070913,S4U3,Ctl
0.30110000000001946,9.963467286615098,9.963467286615098,3,0.0,0.6,1.0206164523371404,0.8248652413411559,0.8248652413411559,070913,S4U3,Ctl
0.3716000000000008,26.91065662002147,29.865604778496653,10,0.4009999999999998,0.7142857142857143,2.0206102242877373,1.4706376896201183,1.4931460486798072,070921,S1U1,Ctl
0.7295999999999978,19.18859649122813,39.215686274509686,14,0.2333999999999996,0.8235294117647058,4.018888777253088,0.985088603571395,1.1937637071023417,070921,S1U1,Ctl
0.09199999999999875,32.608695652174355,32.608695652174355,3,0.0,0.16666666666666666,1.0672358591248694,0.9866907893186528,0.9866907893186528,070921,S1U1,Ctl
0.10580000000000211,75.61436672967713,75.61436672967713,8,0.0,0.36363636363636365,1.0375596596804249,2.2269965754522247,2.2269965754522247,070921,S1U1,Ctl
0.18500000000000227,48.64864864864805,86.83068017366283,9,0.5936999999999983,0.391304347826087,2.2735023303398894,1.2697955140358408,1.5452176219376956,070921,S1U1,Ctl
0.1418999999999997,21.141649048625837,21.141649048625837,3,0.0,0.2727272727272727,1.0042177144004865,1.1086354025129248,1.1086354025129248,070921,S2U1,Ctl
0.17360000000000042,23.041474654377826,23.041474654377826,4,0.0,0.4,1.1296882060551274,1.6342575032796829,1.6342575032796829,070921,S2U1,Ctl
0.17269999999999897,17.37116386797926,17.37116386797926,3,0.0,0.1875,1.0164667615368954,0.8914045361319777,0.8914045361319777,070921,S2U1,Ctl
0.15529999999999688,19.31745009658764,19.31745009658764,3,0.0,0.21428571428571427,1.009387301907738,0.7582170128510479,0.7582170128510479,070921,S2U1,Ctl
0.25619999999999976,35.12880562060893,108.69565217391452,9,0.2954000000000008,0.375,3.0469226081657625,0.9802787799702956,1.2791670288718988,070921,S3U1,Ctl
0.16599999999999326,54.21686746988172,63.96588486141096,9,0.6445000000000043,0.36,3.460207612456744,0.8936578831369061,0.9245041350816623,070921,S3U1,Ctl
0.16250000000000142,49.2307692307688,49.2307692307688,8,0.0,0.36363636363636365,1.048547761350532,1.6770347733337199,1.6770347733337199,070921,S3U1,Ctl
0.6926000000000059,21.65752237943961,40.691759918618665,15,0.04219999999999402,0.7894736842105263,4.004404845329838,1.215414801476598,1.8284695348746949,070921,S3U1,Ctl
0.0409000000000006,97.79951100244355,97.79951100244355,4,0.0,0.17391304347826086,1.009387301907738,1.2358014433444438,1.2358014433444438,070921,S3U1,Ctl
0.2988999999999997,33.45600535296089,89.82035928143627,10,0.314700000000002,0.5263157894736842,3.1052686057344046,1.0849744490181763,1.4616148029800877,070921,S3U2,Ctl
0.29390000000000427,40.83021435862479,54.54545454545131,12,0.587499999999995,0.42857142857142855,3.0376670716889413,1.2317102230490728,1.9334579131633902,070921,S3U2,Ctl
0.16620000000000346,42.11793020457193,58.737151248163464,7,0.2585999999999977,0.30434782608695654,2.415167250332088,1.4604040698104708,1.6039506761043145,070921,S3U2,Ctl
0.07920000000000016,50.505050505050406,50.505050505050406,4,0.0,0.14814814814814814,1.0306090899721643,1.3985636688368352,1.3985636688368352,070921,S3U2,Ctl
0.3763000000000005,7.972362476747265,7.972362476747265,3,0.0,0.375,1.0039152695512514,1.3790856206471216,1.3790856206471216,070921,S4U1,Ctl
0.05770000000000053,51.993067590987394,51.993067590987394,3,0.0,0.21428571428571427,1.0311404413281096,1.2532879774833396,1.2532879774833396,070921,S4U1,Ctl
0.1598000000000006,25.031289111389142,25.031289111389142,4,0.0,0.4444444444444444,1.0407993338884274,0.7263275380573946,0.7263275380573946,070921,S4U1,Ctl
0.5356000000000023,5.6011949215832475,5.6011949215832475,3,0.0,0.75,1.1030222810500803,0.8896190705581398,0.8896190705581398,070921,S4U2,Ctl
0.14710000000000178,20.394289598912057,20.394289598912057,3,0.0,0.42857142857142855,1.2181751735899649,0.9647904669090599,0.9647904669090599,070921,S4U2,Ctl
0.1961999999999975,15.290519877676036,15.290519877676036,3,0.0,0.42857142857142855,1.4630577907827311,0.6862382037075636,0.6862382037075636,070921,S4U2,Ctl
0.12859999999999872,85.53654743390443,95.05703422052915,11,0.01589999999999847,0.28205128205128205,3.0759766225776772,1.150455120661718,1.8276218626773566,070921,S1U3,Ctl
0.21080000000000254,90.13282732447709,176.47058823529972,19,0.6397999999999975,0.37254901960784315,5.05356781888013,1.1455486836932098,1.5037638401448263,070921,S1U3,Ctl
0.15489999999999782,116.20400258231281,209.79020979022962,18,0.3807000000000009,0.2727272727272727,5.146680391147715,0.9588330681246877,1.117190389787393,070921,S1U3,Ctl
0.26480000000000814,90.63444108761051,117.64705882352496,24,0.5318999999999932,0.43636363636363634,4.02900886381949,1.002005504739251,1.4528396466332467,070921,S1U3,Ctl
0.08509999999999707,129.25969447709025,164.47368421052522,11,0.25739999999999696,0.20754716981132076,3.158559696778258,1.0617863653038062,1.1865824863550043,070921,S1U3,Ctl
0.403299999999998,7.438631291842338,7.438631291842338,3,0.0,1.0,1.1179429849077733,2.7906136843713063,2.7906136843713063,070921,S3U3,Ctl
0.7494000000000014,5.337603416066177,5.337603416066177,4,0.0,0.8,1.0045203415369164,1.5021418995605513,1.5021418995605513,070921,S3U3,Ctl
0.30430000000000135,9.858692080183985,9.858692080183985,3,0.0,0.375,1.0152284263959397,0.9430532450772562,0.9430532450772562,070921,S3U3,Ctl
0.06560000000000343,45.73170731707078,45.73170731707078,3,0.0,0.3,1.012658227848097,1.4411990617345831,1.4411990617345831,070921,S3U3,Ctl
0.19930000000000092,25.087807325639623,25.087807325639623,5,0.0,0.5,1.050420168067229,1.6067723713643334,1.6067723713643334,070921,S3U3,Ctl
0.30829999999999913,9.73078170613042,9.73078170613042,3,0.0,0.5,1.381406271584479,0.8583589909956465,0.8583589909956465,070921,S3U4,Ctl
0.20339999999999847,29.498525073746535,55.97014925373194,6,0.6082000000000001,0.375,2.0406081012141613,1.0929010204291816,1.1660609116155143,070921,S3U4,Ctl
0.5198999999999963,23.081361800346386,25.97402597402579,12,0.18240000000000478,0.8,3.07125307125308,1.242842671600889,2.242956408997587,070921,S3U4,Ctl
0.15469999999999828,32.320620555915035,32.320620555915035,5,0.0,0.35714285714285715,1.0662117496534742,1.759675444909566,1.759675444909566,070921,S3U4,Ctl
0.12579999999999814,31.79650238473815,31.79650238473815,4,0.0,0.3076923076923077,1.3203063110641597,0.9381970600397322,0.9381970600397322,070921,S3U4,Ctl
0.19320000000000448,67.28778467908747,67.28778467908747,13,0.0,0.38235294117647056,1.0138902970698571,2.5520036592828657,2.5520036592828657,070922,S1U1,Ner
0.09270000000000778,75.51240560948665,79.36507936508531,7,0.0379999999999967,0.1794871794871795,2.016332291561676,1.2617770300744393,1.3042723513453107,070922,S1U1,Ner
0.2936000000000121,57.90190735694585,78.1250000000086,17,0.49749999999998806,0.5666666666666667,4.065453806281162,1.1591777313838034,1.4773419323733403,070922,S1U1,Ner
0.14399999999999125,83.3333333333384,105.26315789474597,12,0.7421999999999969,0.32432432432432434,3.006012024048125,1.2170352657032968,1.807521756232279,070922,S1U1,Ner
0.09640000000001692,114.10788381740736,152.4390243902029,11,0.10359999999998593,0.2682926829268293,2.0052135552436643,1.6007694265065802,1.7702004509113514,070922,S1U1,Ner
0.5659999999999883,5.300353356890569,5.300353356890569,3,0.0,0.75,1.021763563911322,1.2036060821584469,1.2036060821584469,070922,S2U1,Ner
0.12539999999999907,103.66826156299918,162.16216216213525,13,0.6816000000000031,0.3023255813953488,4.014049172102368,1.088809409234972,1.2448358350807553,070922,S2U2,Ner
0.15439999999999543,103.62694300518442,132.45033112585602,16,0.5078000000000031,0.42105263157894735,3.1615554852987846,1.181056266424627,1.6993001936300962,070922,S2U2,Ner
0.40790000000001214,46.58004412846147,111.94029850748615,19,0.30699999999998795,0.5588235294117647,4.154117769238799,1.4348797491654683,2.1491326923095078,070922,S2U2,Ner
0.2582999999999913,85.17228029423438,103.0927835051457,22,0.5271000000000043,0.6285714285714286,3.100454733360924,1.381560236072195,2.000692817726694,070922,S2U2,Ner
0.0707000000000022,42.43281471004111,42.43281471004111,3,0.0,0.08571428571428572,1.0241704219582306,0.9825492704894638,0.9825492704894638,070922,S2U2,Ner
0.06059999999999377,82.508250825091,82.508250825091,5,0.0,0.17857142857142858,1.016156894624532,1.3096754232687835,1.3096754232687835,070922,S2U3,Ner
0.039499999999989654,75.94936708862748,75.94936708862748,3,0.0,0.10344827586206896,1.0242753252074213,0.6663572865859965,0.6663572865859965,070922,S2U3,Ner
0.08259999999999934,72.63922518159865,72.63922518159865,6,0.0,0.1935483870967742,1.0220768601798924,1.1100711249934774,1.1100711249934774,070922,S2U3,Ner
0.05930000000000746,67.45362563236925,67.45362563236925,4,0.0,0.14285714285714285,1.0107135637760225,0.71545647704125,0.71545647704125,070922,S2U3,Ner
0.05129999999999768,58.47953216374533,58.47953216374533,3,0.0,0.1,1.0350895352448015,0.669369133678579,0.669369133678579,070922,S2U3,Ner
0.18949999999999534,36.93931398416977,80.64516129032569,7,0.27719999999999345,0.3333333333333333,2.08094891270422,1.2097743462429456,1.5867153274950014,070922,S2U4,Ner
0.08090000000001396,74.16563658836792,87.71929824558156,6,0.3760999999999939,0.18181818181818182,2.0321072952652166,0.7522584049632557,0.8264961423795033,070922,S2U4,Ner
0.21160000000000423,66.16257088846749,83.16008316008656,14,0.6687000000000012,0.4827586206896552,3.314917127071871,1.0874011095781746,1.5287126905966297,070922,S2U4,Ner
0.12720000000000198,39.30817610062832,39.30817610062832,5,0.0,0.23809523809523808,1.0029084344599306,1.322570998488328,1.322570998488328,070922,S2U4,Ner
0.0852000000000146,70.42253521125554,124.48132780080803,6,0.07429999999999382,0.2222222222222222,2.1563342318059417,0.9574940186187464,1.1548653567076708,070922,S2U4,Ner
0.10389999999999588,105.87102983638533,129.87012987013293,11,0.633899999999997,0.3055555555555556,3.0435223698894363,1.2396407279860602,1.4861154842393918,070922,S2U5,Ner
0.11139999999998906,98.74326750449802,132.01320132014558,11,0.27660000000000196,0.2558139534883721,3.0681120883616666,0.9329279538192786,1.262134166080343,070922,S2U5,Ner
0.09829999999999472,111.90233977620133,114.50381679391157,11,0.21110000000000184,0.275,2.0416496529195785,1.2820961758955556,1.5606357222649998,070922,S2U5,Ner
0.06430000000000291,139.9688958009268,145.34883720928082,9,0.39990000000000236,0.20930232558139536,2.018774603815476,1.3904242470344021,1.7300413155394383,070922,S2U5,Ner
0.11050000000000182,117.64705882352747,153.84615384609197,13,0.1681999999999988,0.2653061224489796,3.0562347188264494,1.000341319419355,1.1462294118413727,070922,S2U5,Ner
0.1658999999999935,84.38818565401175,96.71179883943792,14,0.6726000000000028,0.3181818181818182,4.082882515055654,0.9341300452249299,0.9964317693203437,070922,S3U1,Ner
0.061399999999991905,48.85993485342664,48.85993485342664,3,0.0,0.09375,1.0026067776218177,0.8111024379826581,0.8111024379826581,070922,S3U1,Ner
0.1373000000000104,101.96649672249772,124.55516014233983,14,0.13679999999999382,0.3181818181818182,2.006420545746402,1.1513266973758625,1.3991914924808133,070922,S3U1,Ner
0.16020000000001744,99.87515605492047,123.76237623760747,16,0.14179999999998927,0.34782608695652173,4.094584911454599,0.9535077934668319,1.220956467880763,070922,S3U1,Ner
0.2382999999999953,83.92782207301886,130.43478260871757,20,0.618700000000004,0.35714285714285715,4.059265272985654,1.0639868278615419,1.5614750549844625,070922,S3U1,Ner
0.28010000000001867,89.25383791502439,198.67549668869057,25,0.5444999999999851,0.5208333333333334,5.024115755627025,1.1600621136536255,1.4354960868434474,070922,S3U2,Ner
0.08110000000000639,135.63501849567365,138.88888888889275,11,0.03879999999999484,0.24444444444444444,2.021427127552074,1.4378572344972365,1.449698251262918,070922,S3U2,Ner
0.17600000000000193,107.95454545454427,131.57894736838327,19,0.1524000000000001,0.41304347826086957,3.0652906917339666,1.2042783893415718,1.7192714279577304,070922,S3U2,Ner
0.04940000000000566,80.97165991901906,80.97165991901906,4,0.0,0.09523809523809523,1.0236462278636498,1.0601484146546416,1.0601484146546416,070922,S3U2,Ner
0.17899999999998784,111.73184357542658,203.045685279185,20,0.48040000000000305,0.4166666666666667,4.324324324324338,1.2910172141656315,1.5153386364197852,070922,S3U2,Ner
0.11719999999999686,34.12969283276542,34.12969283276542,4,0.0,0.23529411764705882,1.0708931248661488,1.0199807121562183,1.0199807121562183,070922,S4U1,Ner
0.07920000000000016,63.13131313131301,63.13131313131301,5,0.0,0.3125,1.0213461342048942,2.031624003793272,2.031624003793272,070922,S4U1,Ner
0.3383000000000038,17.735737511084636,29.15451895043581,6,0.24840000000000373,0.5454545454545454,2.0429009193054153,1.5183758583690974,1.935343628438519,070922,S4U1,Ner
0.16209999999999525,43.18322023442446,43.18322023442446,7,0.0,0.3333333333333333,1.0039152695512514,1.1539104196420158,1.1539104196420158,070922,S4U1,Ner
0.4416000000000082,22.644927536231464,41.10996916752136,10,0.13159999999999172,0.5,3.11947592804411,1.199028965736529,1.484705160035338,070922,S4U1,Ner
0.25490000000000634,35.30796390741379,45.62043795620423,9,0.01079999999998904,0.42857142857142855,2.0654755757513183,1.3243237334833453,1.4065776833816805,070922,S4U2,Ner
0.041300000000006776,72.63922518158614,72.63922518158614,3,0.0,0.13636363636363635,1.0108157282927468,0.9914466664431383,0.9914466664431383,070922,S4U2,Ner
0.3323999999999927,48.13477737665569,56.570931244561145,16,0.01290000000000191,0.6153846153846154,2.123142250530801,1.8577511268092164,2.8379376818986706,070922,S4U2,Ner
0.07040000000000646,71.02272727272076,71.02272727272076,5,0.0,0.19230769230769232,1.0235414534288598,1.0760082707018568,1.0760082707018568,070922,S4U2,Ner
0.07399999999999807,81.0810810810832,86.45533141210166,6,0.05890000000000839,0.23076923076923078,2.0567667626491297,0.8939425770046339,0.9121121505070666,070922,S4U2,Ner
0.22390000000000043,44.66279589102269,44.66279589102269,10,0.0,0.625,1.2138868657441253,3.1127457009920674,3.1127457009920674,070922,S1U2,Ner
0.16779999999999973,47.67580452920151,47.67580452920151,8,0.0,0.6153846153846154,1.053074978938512,2.4607745597100075,2.4607745597100075,070922,S1U2,Ner
0.014200000000002433,211.2676056337666,211.2676056337666,3,0.0,0.375,1.0151253679829577,3.0032747355122416,3.0032747355122416,070922,S1U2,Ner
0.05180000000000007,77.22007722007712,77.22007722007712,4,0.0,0.2,1.0326311441553202,1.5501160373119571,1.5501160373119571,070922,S3U3,Ner
0.20940000000000225,38.204393505252696,38.204393505252696,8,0.0,0.42105263157894735,1.0767739851405282,0.873777650536468,0.873777650536468,070922,S3U3,Ner
0.16089999999999804,24.860161591050645,24.860161591050645,4,0.0,0.4444444444444444,1.0660980810234515,0.7254057654938709,0.7254057654938709,070922,S3U3,Ner
0.08389999999999986,71.51370679380226,71.51370679380226,6,0.0,0.3157894736842105,1.0178117048346185,2.270485322899301,2.270485322899301,070922,S3U3,Ner
0.2429000000000201,74.10456978179708,145.45454545452742,18,0.4416999999999831,0.45,4.053095551727667,1.1912475243562646,1.496733782006699,070922,S2U6,Ner
0.22530000000000427,44.385264092320504,45.1127819548839,10,0.2009000000000043,0.37037037037037035,2.0224491859642297,1.3165361483920437,1.4037306729792929,070922,S2U6,Ner
0.08419999999999561,71.25890736342414,71.25890736342414,6,0.0,0.16666666666666666,1.05741778576717,1.2137704704657903,1.2137704704657903,070922,S2U6,Ner
0.09950000000000614,90.45226130652708,123.15270935961274,9,0.24039999999999395,0.32142857142857145,2.0593080724876525,1.6130850840556052,2.1785421539444156,070922,S2U6,Ner
0.10640000000000782,56.390977443604875,97.40259740259971,6,0.025199999999998113,0.17142857142857143,2.0283975659229414,1.2042413932850184,1.418897239356151,070922,S2U6,Ner
0.19050000000001432,36.74540682414422,37.73584905660066,7,0.3486999999999938,0.35,2.0661157024793617,0.9596421241590696,1.2666767194739725,070922,S2U7,Ner
0.13519999999999754,66.56804733727931,68.37606837607409,9,0.37010000000000787,0.47368421052631576,2.0519134092541327,1.238177902980589,1.4114941174736502,070922,S2U7,Ner
0.1074999999999875,83.72093023256788,120.48192771083193,9,0.8086000000000126,0.28125,3.123698458975358,1.0396483342270735,1.0801189439635164,070924_1,S2U2,Ner
0.14109999999999445,70.87172218285183,121.95121951223277,10,0.5048999999999921,0.30303030303030304,3.0042058882435096,1.1094218928336217,1.326778128341145,070924_1,S2U2,Ner
0.057900000000017826,51.81347150257472,51.81347150257472,3,0.0,0.11538461538461539,1.0975743606629293,0.7555571118053758,0.7555571118053758,070924_1,S2U2,Ner
0.26890000000000214,55.782818891780884,115.60693641624073,15,0.47809999999998354,0.39473684210526316,4.016870857601917,1.2708008168927438,1.799289001757875,070924_1,S2U2,Ner
0.27599999999998204,72.46376811594675,75.9267530147434,20,0.05570000000000164,0.5555555555555556,2.117746717492584,1.4566812663203617,2.073080078820939,070924_1,S2U2,Ner
0.12279999999998381,40.71661237785553,40.71661237785553,5,0.0,0.5555555555555556,1.0244851961889125,2.0458187786618836,2.0458187786618836,070924_1,S2U3,Ner
0.641600000000011,12.46882793017435,12.46882793017435,8,0.0,0.7272727272727273,1.037667323855984,1.3739985761521079,1.3739985761521079,070924_1,S2U3,Ner
0.2746999999999957,32.76301419730666,32.76301419730666,9,0.0,1.0,1.106439477760579,2.631005057927137,2.631005057927137,070924_1,S2U3,Ner
0.2909999999999968,20.618556701031153,20.618556701031153,6,0.0,0.6,1.081782778018184,1.781556404791625,1.781556404791625,070924_1,S2U3,Ner
0.11750000000003524,51.06382978721873,69.44444444442354,6,0.2529999999999859,0.3,2.1172983273343027,0.8970536762081418,1.1172996169223541,070924_1,S2U4,Ner
0.13450000000000273,66.91449814126258,85.47008547008569,9,0.4035000000000082,0.3333333333333333,3.045685279187863,0.9024950847618293,1.0075335265087484,070924_1,S2U4,Ner
0.1675000000000182,41.791044776114866,49.83388704318199,7,0.24619999999998754,0.4375,2.034381039568696,0.9882524387934215,1.149650337888997,070924_1,S2U4,Ner
0.12359999999998195,24.27184466019772,24.27184466019772,3,0.0,0.14285714285714285,1.0047221943132865,0.8256464956061057,0.8256464956061057,070924_1,S2U4,Ner
0.18559999999999377,59.26724137931233,73.80073800736825,11,0.2161000000000115,0.4230769230769231,2.212878955521158,0.9764671792739485,0.9927132112120987,070924_1,S2U4,Ner
0.06030000000001223,132.66998341622516,229.0076335876368,8,0.7030999999999779,0.25806451612903225,2.0916126333403153,1.3983206560825838,1.5626189031035775,070924_1,S2U5,Ner
0.15320000000002665,78.32898172322398,107.14285714278058,12,0.4971999999999639,0.32432432432432434,3.139717425431709,1.127071918406009,1.2682009872720992,070924_1,S2U5,Ner
0.11179999999998813,80.50089445439137,141.8439716312146,9,0.1203000000000145,0.3,2.0259319286871933,1.343254176986811,1.9562173869086,070924_1,S2U5,Ner
0.06860000000003197,145.77259475211866,163.04347826074587,10,0.5683999999999685,0.2222222222222222,3.036437246963564,0.9161681047756655,1.2867228764513294,070924_1,S2U5,Ner
0.1565999999999974,89.39974457215985,154.63917525780917,14,0.5349999999999966,0.3684210526315789,4.030632809351169,1.115262086744602,1.6801696793316958,070924_1,S2U5,Ner
0.14220000000000255,28.12939521800231,28.12939521800231,4,0.0,0.36363636363636365,1.0259567046270812,0.9619921757565774,0.9619921757565774,070924_1,S3U1,Ner
0.28949999999997544,20.725388601038027,20.725388601038027,6,0.0,0.5454545454545454,1.0389610389610329,0.982073934449837,0.982073934449837,070924_1,S3U1,Ner
0.0957000000000221,31.347962382437903,31.347962382437903,3,0.0,0.375,1.1354604292040549,0.8977309869569299,0.8977309869569299,070924_1,S3U1,Ner
0.061700000000001864,48.622366288491236,48.622366288491236,3,0.0,0.25,1.093732910423278,1.3976664892979975,1.3976664892979975,070924_1,S3U1,Ner
0.5255000000000223,7.611798287345063,7.611798287345063,4,0.0,0.8,1.0628122010840693,1.3001666084306491,1.3001666084306491,070924_1,S4U1,Ner
0.19169999999999732,26.082420448617995,26.082420448617995,5,0.0,0.8333333333333334,1.0068465565847748,1.7930203947480001,1.7930203947480001,070924_1,S4U2,Ner
0.2680000000000007,14.92537313432832,14.92537313432832,4,0.0,0.8,1.077586206896555,1.4189724471916194,1.4189724471916194,070924_1,S4U2,Ner
0.2510000000000048,23.904382470119067,23.904382470119067,6,0.0,0.6666666666666666,1.0993843447669163,1.5785490901851988,1.5785490901851988,070924_1,S1U2,Ner
0.06460000000001287,46.43962848296289,46.43962848296289,3,0.0,0.25,1.0360547036883438,0.9510263367084091,0.9510263367084091,070924_1,S1U2,Ner
0.07990000000000919,87.60951188985226,95.54140127391344,7,0.15379999999998972,0.3333333333333333,2.802297884265142,1.2468215078032852,1.5954484954845274,070924_1,S1U2,Ner
0.11359999999999104,26.408450704227434,26.408450704227434,3,0.0,0.15789473684210525,1.050199537912198,1.3694785634090332,1.3694785634090332,070924_1,S1U3,Ner
0.3976000000000113,35.211267605632806,38.23427181091402,14,0.091700000000003,0.7368421052631579,2.0167389331450867,1.4565679573499968,1.6995480004496237,070924_1,S1U3,Ner
0.24559999999996762,61.074918566783296,119.04761904756083,15,0.3228000000000293,0.46875,3.1249999999999742,1.232007002846628,1.6018897812500523,070924_1,S1U3,Ner
0.22440000000000282,49.01960784313664,54.86968449931098,11,0.06030000000001223,0.3548387096774194,2.029632636492798,1.1073168748410063,1.182767254169205,070924_1,S1U3,Ner
0.17849999999998545,39.215686274513004,39.215686274513004,7,0.0,0.5833333333333334,1.0110201193003663,1.6578715546360685,1.6578715546360685,070924_1,S3U3,Ner
0.10099999999999909,39.60396039603996,39.60396039603996,4,0.0,0.4444444444444444,1.2886597938144155,1.0280319663444812,1.0280319663444812,070924_1,S3U3,Ner
0.41349999999997067,14.510278113664874,67.11409395976527,6,0.4018000000000086,0.46153846153846156,2.131514441010342,0.8755856283527661,1.045613232244381,070924_1,S3U3,Ner
0.43019999999998504,6.973500697350312,6.973500697350312,3,0.0,0.75,1.0948105977665914,0.9792038118954779,0.9792038118954779,070924_1,S3U4,Ner
0.2656000000000063,15.060240963855065,15.060240963855065,4,0.0,0.5,1.0815487778498833,1.2257970076153513,1.2257970076153513,070924_1,S3U4,Ner
0.6633000000000209,4.522840343735724,4.522840343735724,3,0.0,0.75,1.0380982040901028,0.7659385092336134,0.7659385092336134,070924_1,S3U4,Ner
0.08660000000000423,34.64203233256182,34.64203233256182,3,0.0,0.25,1.193317422434336,0.777515040900865,0.777515040900865,070924_1,S3U5,Ner
0.28950000000000387,20.72538860103599,20.72538860103599,6,0.0,0.5454545454545454,1.0392849719393105,0.9816532376057316,0.9816532376057316,070924_1,S3U5,Ner
0.10830000000001405,36.93444136656954,36.93444136656954,4,0.0,0.36363636363636365,1.1358473421172082,0.9389925991503577,0.9389925991503577,070924_1,S3U5,Ner
0.054300000000012005,55.24861878451817,55.24861878451817,3,0.0,0.21428571428571427,1.0940919037199277,0.8184479443378853,0.8184479443378853,070924_1,S3U5,Ner
0.07970000000000255,50.18820577164206,50.18820577164206,4,0.0,0.19047619047619047,1.0946907498631648,2.0291210438681553,2.0291210438681553,070924_1,S3U6,Ner
0.1588000000000136,37.783375314858226,37.783375314858226,6,0.0,0.375,1.081314878892728,1.0454675751454146,1.0454675751454146,070924_1,S3U6,Ner
0.323599999999999,27.812113720642856,46.948356807508915,9,0.4538000000000011,0.5294117647058824,2.0746887966805008,1.3083171793540882,1.8310755032714598,070924_1,S3U6,Ner
0.09620000000001028,41.58004158003714,41.58004158003714,4,0.0,0.36363636363636365,1.0068465565847748,2.266564379868215,2.266564379868215,070924_1,S3U6,Ner
0.166499999999985,54.05405405405892,79.36507936513006,9,0.1891999999999996,0.42857142857142855,3.0254134731747375,1.0584278394362834,1.4821432630310551,070924_1,S3U6,Ner
0.21539999999999893,18.57010213556184,18.57010213556184,4,0.0,0.3076923076923077,1.0214504596527059,1.2705776269237676,1.2705776269237676,070924_2,S2U1,Lin
0.12040000000000006,49.83388704318934,52.173913043477356,6,0.1714999999999982,0.35294117647058826,2.0406081012141613,1.095111730820869,1.2640627379179667,070924_2,S2U1,Lin
0.07629999999999981,52.424639580603014,52.424639580603014,4,0.0,0.25,1.1013215859030865,0.9853618732407653,0.9853618732407653,070924_2,S2U1,Lin
0.1886000000000081,37.115588547188224,56.41748942171935,7,0.3555999999999955,0.5833333333333334,2.5006251562890576,1.060385700326195,1.3409056502226422,070924_2,S2U1,Lin
0.04870000000000019,61.60164271047204,61.60164271047204,3,0.0,0.13043478260869565,1.0258514567090646,0.844499994177206,0.844499994177206,070924_2,S2U2,Lin
0.21229999999999905,18.841262364578512,18.841262364578512,4,0.0,0.36363636363636365,1.1180679785330936,0.8794820042612261,0.8794820042612261,070924_2,S2U2,Lin
0.20929999999999893,38.22264691829929,40.160642570281134,8,0.09350000000000236,0.38095238095238093,2.040399918384011,0.9441874473965767,0.9891278642444914,070924_2,S2U2,Lin
0.09070000000000178,66.15214994487191,66.15214994487191,6,0.0,0.3333333333333333,1.1307100859339674,1.5853692115898015,1.5853692115898015,070924_2,S2U2,Lin
0.12959999999999638,46.29629629629759,51.1073253833096,6,0.13750000000000284,0.5,2.0716801325875234,0.9891553342111706,1.1307213320519192,070924_2,S2U2,Lin
0.12920000000000087,46.43962848297183,76.726342710995,6,0.2983000000000011,0.3,2.0521239482864755,0.939022457616131,1.1233700062904206,070924_2,S2U3,Lin
0.16000000000000014,62.49999999999994,62.49999999999994,10,0.0,0.2777777777777778,1.0203040506070844,1.6351695702521893,1.6351695702521893,070924_2,S2U3,Lin
0.06520000000000437,46.01226993864723,46.01226993864723,3,0.0,0.16666666666666666,1.070778455937457,0.9284162124592723,0.9284162124592723,070924_2,S2U3,Lin
0.09360000000000213,106.83760683760441,179.64071856287254,10,0.08070000000000022,0.20408163265306123,2.01551950015116,0.916420596722453,1.1143131811913454,070924_2,S2U4,Lin
0.20779999999999887,91.43407122232966,162.16216216215082,19,0.6251000000000033,0.3958333333333333,5.0095180843602805,1.0930478814838165,1.6626425852186062,070924_2,S2U4,Lin
0.11159999999999926,116.4874551971334,133.33333333333618,13,0.15879999999999939,0.23214285714285715,2.003405789842739,1.226764145459233,1.4028875542815984,070924_2,S2U4,Lin
0.14120000000000132,106.23229461756274,152.83842794759877,15,0.40060000000000073,0.2631578947368421,3.119151590767322,1.0501426407896328,1.4783141613038882,070924_2,S2U4,Lin
0.18550000000000466,91.64420485174972,169.49152542368157,17,0.5507999999999953,0.34,4.026170105686947,1.0668508385939652,1.2651801757295398,070924_2,S2U4,Lin
0.15000000000000036,19.999999999999954,19.999999999999954,3,0.0,0.42857142857142855,1.140641040264627,1.1419442819496357,1.1419442819496357,070924_2,S2U5,Lin
0.2201999999999984,27.247956403269953,49.58677685950614,6,0.21799999999999997,0.375,2.0062192797672784,0.7338725747446063,0.7460299165846376,070924_2,S2U5,Lin
0.19559999999999889,15.337423312883523,15.337423312883523,3,0.0,0.23076923076923078,1.0728462611307819,0.9428399803917074,0.9428399803917074,070924_2,S2U5,Lin
0.1463000000000001,27.341079972658903,27.341079972658903,4,0.0,0.4444444444444444,1.8315018315018337,1.009573673436065,1.009573673436065,070924_2,S2U5,Lin
0.1057000000000059,28.382213812675804,28.382213812675804,3,0.0,0.3,1.579279848389129,0.8625097972523718,0.8625097972523718,070924_2,S2U5,Lin
0.09689999999999799,61.91950464396413,67.87330316742079,6,0.6874000000000002,0.2727272727272727,2.0870291140561386,0.7483108652402821,0.811693184791019,070924_2,S3U1,Lin
0.22900000000000276,87.33624454148367,111.94029850745646,20,0.1971999999999987,0.4878048780487805,2.0736132711249406,2.1367569135072055,3.406662972841514,070924_2,S3U1,Lin
0.04720000000000368,63.559322033893345,63.559322033893345,3,0.0,0.13043478260869565,1.0361620557455113,0.6768799619330318,0.6768799619330318,070924_2,S3U1,Lin
0.21679999999999922,32.2878228782289,33.05785123966979,7,0.3515000000000015,0.7,2.043318348998771,1.2809234467797652,1.2872038749198302,070924_2,S3U2,Lin
0.16199999999999903,30.86419753086438,30.86419753086438,5,0.0,0.45454545454545453,1.1361054305839602,1.049408320082603,1.049408320082603,070924_2,S3U2,Lin
0.3403999999999989,32.314923619271546,38.13155386081959,11,0.5991999999999997,0.7333333333333333,2.0742584526031984,0.9937191944666558,1.1315671774474343,070924_2,S3U2,Lin
0.34949999999999903,22.889842632331966,22.889842632331966,8,0.0,0.5333333333333333,1.0098969905069595,1.1221381899390284,1.1221381899390284,070924_2,S3U2,Lin
0.3824000000000005,20.92050209205018,24.8756218905472,8,0.30790000000000006,0.8,2.0506510817184402,0.818668088656016,0.8559241938014495,070924_2,S4U1,Lin
0.07519999999999882,39.89361702127722,39.89361702127722,3,0.0,0.23076923076923078,1.0330578512396695,1.0796741893582342,1.0796741893582342,070924_2,S4U1,Lin
0.13299999999999912,30.07518796992501,30.07518796992501,4,0.0,0.2,1.0730765103551896,1.390845443235335,1.390845443235335,070924_2,S1U2,Lin
0.28200000000000003,21.27659574468085,58.02707930367471,6,0.2270000000000003,0.6,2.519843769686287,0.9019470785056325,0.9292973402805264,070924_2,S1U2,Lin
0.1720999999999986,52.29517722254546,52.29517722254546,9,0.0,0.375,1.019679820536351,2.608807217344171,2.608807217344171,070924_2,S1U3,Lin
0.1144999999999996,52.40174672489101,75.0000000000016,6,0.3460000000000001,0.2608695652173913,2.0552872263898907,0.9177655905300198,0.9873145940739129,070924_2,S1U3,Lin
0.06280000000000285,63.69426751592067,63.69426751592067,4,0.0,0.19047619047619047,1.0513036164844445,1.3516692682856999,1.3516692682856999,070924_2,S1U3,Lin
0.21769999999999712,45.934772622876125,51.54639175257788,10,0.0710000000000015,0.5,2.082899395959182,1.185375882947003,1.277337289960334,070924_2,S1U3,Lin
0.07249999999999801,41.379310344828724,41.379310344828724,3,0.0,0.13636363636363635,1.0619093129446695,1.0280259441244537,1.0280259441244537,070924_2,S1U3,Lin
0.23380000000000223,17.10863986313072,17.10863986313072,4,0.0,0.5714285714285714,1.0028078620136387,2.0842061540499133,2.0842061540499133,070924_2,S1U4,Lin
0.4037000000000006,7.431260837255376,7.431260837255376,3,0.0,0.75,1.8758206715438093,1.3268472570215797,1.3268472570215797,070924_2,S1U4,Lin
0.027899999999998926,143.36917562724565,143.36917562724565,4,0.0,0.06896551724137931,1.0080645161290296,0.967405412056616,0.967405412056616,070924_2,S3U3,Lin
0.19669999999999632,101.67768174885802,176.47058823529972,20,0.637000000000004,0.39215686274509803,6.080259424402115,0.9596542505489549,1.131608336949138,070924_2,S3U3,Lin
0.09140000000000015,98.46827133479196,141.50943396226194,9,0.553799999999999,0.19148936170212766,3.0081219292088663,1.0104683107556471,1.2653257580589694,070924_2,S3U3,Lin
0.06850000000000378,87.59124087590757,91.46341463414156,6,0.2326999999999977,0.13953488372093023,2.076843198338531,0.8860314609091513,0.9159423254080661,070924_2,S3U3,Lin
0.27880000000000393,46.62840746054454,80.64516129032569,13,0.34599999999999653,0.3939393939393939,3.0772386911477936,1.3357814259012661,1.641020674595311,070924_2,S3U3,Lin
0.14649999999999785,34.129692832765,34.129692832765,5,0.0,0.2,1.022704029453872,1.1386490232056876,1.1386490232056876,070924_2,S2U6,Lin
0.16740000000000066,53.76344086021484,102.04081632653414,9,0.39509999999999934,0.34615384615384615,3.1509295242096487,1.2606144953415601,1.357210128115775,070924_2,S2U6,Lin
0.40880000000000294,41.58512720156526,74.07407407407126,17,0.14059999999999917,0.7391304347826086,3.1894535402934303,1.6510123928848384,2.079085017052214,070924_2,S2U6,Lin
0.04329999999999856,69.28406466512932,69.28406466512932,3,0.0,0.17647058823529413,1.0111223458038452,0.8962373166819372,0.8962373166819372,070924_2,S2U6,Lin
0.09939999999999571,80.48289738430931,87.52735229759966,8,0.36480000000000246,0.32,2.0554984583761433,1.272328375157148,1.6010813264961075,070924_2,S2U6,Lin
0.2728999999999999,10.99303774276292,10.99303774276292,3,0.0,0.6,1.1469205184080717,1.1240247852575225,1.1240247852575225,070924_2,S3U4,Lin
0.26519999999999655,30.16591251885409,31.914893617022077,8,0.5284000000000013,0.7272727272727273,2.271694684234444,0.8827087357765366,1.0496789667845907,070924_2,S3U4,Lin
0.14050000000000296,49.82206405693845,49.82206405693845,7,0.0,0.4117647058823529,1.03691414350892,1.5052000119262123,1.5052000119262123,070924_2,S3U4,Lin
0.34959999999999525,22.88329519450832,22.88329519450832,8,0.0,0.5333333333333333,1.0095911155981783,1.1219368685672257,1.1219368685672257,070924_2,S3U4,Lin
0.15889999999999915,31.46633102580256,31.46633102580256,5,0.0,0.2777777777777778,1.0064412238325275,0.8244707920123341,0.8244707920123341,071002,S2U1,Myr
0.3368000000000002,23.75296912114013,23.75296912114013,8,0.0,0.5333333333333333,1.002405773857259,2.103148734455739,2.103148734455739,071002,S2U1,Myr
0.2522999999999982,19.81767736821259,19.81767736821259,5,0.0,0.2777777777777778,1.0212418300653534,1.2249833357736548,1.2249833357736548,071002,S2U1,Myr
0.08559999999999945,70.09345794392569,117.18749999999665,6,0.5820000000000007,0.13636363636363635,2.019386106623584,0.9413588495981422,0.9632034865451329,071002,S2U2,Myr
0.22330000000000183,76.13076578593757,123.45679012345572,17,0.6646000000000001,0.4473684210526316,5.017561465127961,1.0083208410800801,1.1481499460159035,071002,S2U2,Myr
0.12379999999999924,96.93053311793274,106.10079575597048,12,0.0034999999999989484,0.3076923076923077,2.1406400513753687,1.35719944665981,1.6453922172107363,071002,S2U2,Myr
0.2435000000000045,102.66940451745191,136.36363636360184,25,0.5105999999999966,0.5208333333333334,5.033725963958497,1.0641197075058835,1.5444760384520058,071002,S2U2,Myr
0.2563999999999993,62.402496099844164,73.04601899196646,16,0.49909999999999854,0.43243243243243246,2.1015025743406484,1.5905403231081996,1.7720773198187456,071002,S2U2,Myr
0.19760000000000133,91.09311740890627,207.25388601034976,18,0.40169999999999817,0.375,4.047354042294854,1.1555084875599284,1.3163316984670044,071002,S2U3,Myr
0.3322000000000003,48.163756773028254,104.89510489511481,16,0.4772999999999996,0.5714285714285714,4.258037044922295,0.927366391858118,1.1097612330784095,071002,S2U3,Myr
0.11749999999999972,42.55319148936181,42.55319148936181,5,0.0,0.3333333333333333,1.1618450098756856,1.7582717713309919,1.7582717713309919,071002,S2U3,Myr
0.06300000000000239,63.492063492061085,63.492063492061085,4,0.0,0.21052631578947367,1.290322580645152,1.5564381955600641,1.5564381955600641,071002,S2U3,Myr
0.164200000000001,18.27040194884276,18.27040194884276,3,0.0,0.3,1.0134792743488406,0.7583862886498987,0.7583862886498987,071002,S2U3,Myr
0.11459999999999582,78.53403141361544,141.50943396226194,9,0.5018000000000029,0.225,3.0352084176446827,1.0164666677426977,1.2736559212836633,071002,S2U4,Myr
0.15080000000000027,92.83819628647198,107.81671159029999,14,0.7034999999999982,0.4666666666666667,3.1107424305267597,1.1837931905628722,1.6488629762637779,071002,S2U4,Myr
0.3132999999999946,41.49377593361068,79.78723404255066,13,0.48810000000000286,0.5,4.292306041420758,1.0552471077885044,1.2972361153999503,071002,S2U4,Myr
0.2319000000000031,43.122035360068416,43.122035360068416,10,0.0,0.5555555555555556,1.0274324463166526,1.9270960277061786,1.9270960277061786,071002,S2U4,Myr
0.08100000000000307,61.728395061726054,61.728395061726054,5,0.0,0.21739130434782608,1.0117361392148942,1.6790482113062508,1.6790482113062508,071002,S2U4,Myr
0.12419999999999831,88.56682769726369,220.58823529411313,11,0.47730000000000317,0.171875,3.0036043251902305,0.9430669622571797,1.16226513831153,071002,S3U1,Myr
0.13379999999999725,82.21225710015116,93.74999999999991,11,0.4579000000000022,0.3333333333333333,3.284072249589494,0.9811576758383657,1.368711508872803,071002,S3U1,Myr
0.07110000000000127,126.58227848101039,140.84507042253458,9,0.3730000000000011,0.1836734693877551,3.007820332865453,0.9707546722142695,1.1608419777309837,071002,S3U1,Myr
0.17300000000000182,86.70520231213781,91.74311926605954,15,0.6304999999999978,0.3409090909090909,2.002202422664919,1.1639685293926372,1.4764564247032477,071002,S3U1,Myr
0.15200000000000813,72.36842105262771,88.69179600886629,11,0.2667999999999964,0.2619047619047619,2.0942408376963386,1.046429994477774,1.2214660153453876,071002,S3U1,Myr
0.1404999999999994,35.587188612099794,35.587188612099794,5,0.0,0.45454545454545453,1.009693053311792,1.2229184302891705,1.2229184302891705,071002,S3U2,Myr
0.2010000000000005,29.85074626865664,29.85074626865664,6,0.0,0.6,1.0930156301235114,1.3207320404258271,1.3207320404258271,071002,S3U2,Myr
0.17310000000000159,40.43905257076797,40.43905257076797,7,0.0,0.7,1.006542526421744,2.2864808968927695,2.2864808968927695,071002,S3U2,Myr
0.2779999999999987,21.58273381294974,31.948881789135687,6,0.1186000000000007,0.6666666666666666,2.0420665713702153,0.8743367980369241,0.9563941137731724,071002,S3U2,Myr
0.45009999999999906,15.552099533437046,15.552099533437046,7,0.0,0.875,1.0518565267697513,2.4433996271381804,2.4433996271381804,071002,S3U2,Myr
0.203599999999998,14.734774066797787,14.734774066797787,3,0.0,0.375,1.702417432754515,1.7611012077721595,1.7611012077721595,071002,S4U1,Myr
0.25039999999999907,11.980830670926562,11.980830670926562,3,0.0,0.6,1.2763241863433252,1.447885649491374,1.447885649491374,071002,S4U1,Myr
0.055800000000001404,89.60573476702284,89.60573476702284,5,0.0,0.1724137931034483,1.0068465565847748,1.4779498098662978,1.4779498098662978,071002,S4U2,Myr
0.11040000000000205,27.173913043477757,27.173913043477757,3,0.0,0.16666666666666666,1.0248001639680266,0.648037580189081,0.648037580189081,071002,S4U2,Myr
0.07460000000000022,53.619302949061506,53.619302949061506,4,0.0,0.16666666666666666,1.0302905419328277,0.8480267863411056,0.8480267863411056,071002,S4U2,Myr
0.07310000000000372,41.03967168262445,41.03967168262445,3,0.0,0.13636363636363635,1.0796804145972776,0.8804406066736211,0.8804406066736211,071002,S4U2,Myr
0.06380000000000052,47.02194357366733,47.02194357366733,3,0.0,0.15,1.0449320794148371,1.0641447327036584,1.0641447327036584,071002,S4U2,Myr
0.11369999999999791,52.77044854881363,52.77044854881363,6,0.0,0.2857142857142857,1.0038144950813073,1.5352869542429368,1.5352869542429368,071002,S4U3,Myr
0.12709999999999866,23.603461841070274,23.603461841070274,3,0.0,0.21428571428571427,1.0278548668927918,1.1099692949549074,1.1099692949549074,071002,S4U3,Myr
0.10150000000000148,29.55665024630499,29.55665024630499,3,0.0,0.3333333333333333,1.1048502927853265,0.6286919561440789,0.6286919561440789,071002,S1U1_selectiveunit,Myr
0.04520000000000124,66.37168141592738,66.37168141592738,3,0.0,0.6,1.7085255424568593,1.57672790530113,1.57672790530113,071002,S1U2,Myr
0.3832000000000022,7.828810020876782,7.828810020876782,3,0.0,0.6,1.1403808872163315,0.7199112835171076,0.7199112835171076,071002,S1U2,Myr
0.12259999999999849,57.09624796084899,77.22007722007712,7,0.5544000000000011,0.4666666666666667,2.042692268409766,1.549110499720254,1.9374180157718368,071002,S1U3,Myr
0.13400000000000034,29.85074626865664,29.85074626865664,4,0.0,0.5,1.404297149276788,0.8683492619104587,0.8683492619104587,071002,S1U3,Myr
0.04279999999999973,70.09345794392569,70.09345794392569,3,0.0,0.6,1.1554015020219564,2.421443302362363,2.421443302362363,071002,S1U3,Myr
0.2762999999999991,25.33478103510685,25.33478103510685,7,0.0,0.7777777777777778,1.0744600838078846,1.2868346694804937,1.2868346694804937,071002,S1U3,Myr
0.08450000000000202,201.1834319526579,267.8571428570874,17,0.6555999999999997,0.18478260869565216,5.006508460999302,0.7494005880574203,0.8506638592107361,071002,S1U4,Myr
0.04400000000000048,159.09090909090733,227.27272727270642,7,0.5434999999999981,0.12727272727272726,2.0798668885191334,0.9260083518353306,1.1193527286343028,071002,S1U4,Myr
0.15789999999999793,107.66307789740483,116.73151750972535,17,0.2375000000000007,0.3541666666666667,3.015378429992971,1.493404145698358,2.388048455365957,071002,S1U4,Myr
0.09509999999999508,94.6372239747683,128.2051282051545,9,0.08250000000000313,0.16363636363636364,3.072511265874625,0.8739482943739428,0.9377076419792386,071002,S1U4,Myr
0.1565000000000012,95.84664536741141,159.57446808511642,15,0.48209999999999553,0.3488372093023256,3.0093289196509065,1.0370985753050286,1.2512795132678616,071002,S1U4,Myr
0.07280000000000086,54.945054945054295,54.945054945054295,4,0.0,0.36363636363636365,1.0125556905629804,1.5150968393881885,1.5150968393881885,071002,S3U3,Myr
0.39679999999999893,10.08064516129035,10.08064516129035,4,0.0,0.8,1.0995052226498103,1.4156936577999388,1.4156936577999388,071002,S3U3,Myr
0.17760000000000176,50.67567567567517,50.67567567567517,9,0.0,0.6428571428571429,1.1984659635666366,2.0080128036725187,2.0080128036725187,071002,S3U3,Myr
0.6249000000000038,9.60153624579927,11.57407407407408,6,0.03810000000000002,1.0,2.0874647740319343,0.9437217369988119,1.0027377174700558,071002,S3U3,Myr
0.4502000000000024,11.106175033318467,11.106175033318467,5,0.0,0.625,1.0120433154538986,1.4644160249961375,1.4644160249961375,071002,S3U3,Myr
