duration,meanSpikingFreq,maxSpikingFreq,withinBurstSpikeNum,interBurst,withinBurstSpikePercentage,meanburstFreq,meanSurprise,maxSurprise,Subject,Stimuli
1714.3726999999963,2.9620163690194152,86.01346297675596,5078,1683.8073000000036,0.8744618563802308,0.11734936202092895,8.660084277743278,88.17038750529217,070906,P9_TenThous
1715.2943999999957,2.9691696072697566,86.01346297675596,5093,1688.8912000000041,0.8731356077490142,0.11835089336569825,8.613765920872012,88.04727147121461,070906,P9_TenThous
1718.8411999999962,2.9804963948967544,86.01346297675596,5123,1690.2184000000038,0.873189023350946,0.11876810205493743,8.595703604296077,87.86697552421496,070906,P9_TenThous
1721.9748999999956,2.983202600688322,86.01346297675596,5137,1691.2038000000043,0.8727488956846755,0.1191855672427693,8.564088633820962,87.79224718033967,070906,P9_TenThous
1721.9748999999956,2.983202600688322,86.01346297675596,5137,1691.2038000000043,0.8711209089367475,0.1190057400825163,8.562458831331156,87.77754886759978,070906,P9_TenThous
1567.2432000000013,4.224615554241993,66.79654884496227,6621,1831.7773999999986,0.8844509751536201,0.1297322981382356,10.71416931204403,67.3607695808922,070906,P9_TenThous
1569.6765000000014,4.235904659335853,66.79654884496227,6649,1834.2628999999988,0.8844107475392392,0.13010137246375378,10.693706622841919,67.2809157675396,070906,P9_TenThous
1570.1615000000006,4.2568869508009195,66.79654884496227,6684,1839.1317999999992,0.8830757035275466,0.1313792430473474,10.638612702091963,67.11664807444642,070906,P9_TenThous
1571.830300000001,4.282268893785796,66.79654884496227,6731,1842.771799999999,0.8829857011675194,0.13294121725897934,10.563041566280937,66.94276764651772,070906,P9_TenThous
1574.9396000000006,4.286513590743414,66.79654884496227,6751,1844.7413999999994,0.882829867922061,0.1339210106977741,10.484922725881272,66.88976729853131,070906,P9_TenThous
1164.132199999999,0.582408080456842,5.334959225669292,678,2004.3132000000007,0.8319018404907975,0.018294231583824958,7.019694761931027,29.03776139859305,070906,P9_TenThous
1174.2319999999986,0.5842116379046056,5.334959225669292,686,2174.9557000000013,0.8345498783454988,0.016739496692671916,7.374827317263414,29.893802300996867,070906,P9_TenThous
1350.391599999999,0.5146655236895731,5.334959225669292,695,2003.196700000001,0.8333333333333334,0.016714633755689646,7.44720842264578,29.650116631864556,070906,P9_TenThous
1356.9539999999993,0.5217568171065492,5.334959225669292,708,2001.879100000001,0.8388625592417062,0.017278593927769093,7.333083065014677,29.451474233576963,070906,P9_TenThous
1359.760499999999,0.523621623072593,5.334959225669292,712,2001.879100000001,0.8376470588235294,0.017251447359883817,7.334214342157338,29.348445792756372,070906,P9_TenThous
2155.182799999999,0.7136285608812397,16.470588235294777,1538,1237.6217000000008,0.8635597978663672,0.03589175446956783,7.944290399619674,46.87979142460917,070906,P9_TenThous
1985.9643999999994,0.7824913679218019,16.470588235294777,1554,1413.7866000000006,0.8614190687361419,0.036122718920049354,7.935810459516747,46.58021436973571,070906,P9_TenThous
1982.963199999999,0.7897272122851301,16.470588235294777,1566,1422.586900000001,0.8557377049180328,0.03665530381572622,7.953670791854842,46.23415493258768,070906,P9_TenThous
1986.3837999999992,0.7918912749892547,16.470588235294777,1573,1424.0496000000005,0.8553561718325177,0.036895910720797925,7.914779526293309,46.14025123640021,070906,P9_TenThous
1984.5657999999994,0.798159476496068,16.470588235294777,1584,1430.4615000000006,0.852529601722282,0.0371387923458996,7.9493207784966495,45.899322799609934,070906,P9_TenThous
1989.779800000001,2.632954661616324,29.830957905205572,5239,1407.432499999999,0.9029644950017235,0.07413201994927958,8.798497693419538,80.6141042932141,070906,P9_TenThous
1991.1968000000008,2.633089808099329,29.830957905205572,5243,1408.200099999999,0.9019439188026837,0.07429956580567175,8.770786909351063,80.60125642182336,070906,P9_TenThous
1990.6713000000007,2.635291923885173,50.977060322848885,5246,1417.5171999999993,0.9004462753175421,0.07507289108518803,8.697471928527603,80.54750055668372,070906,P9_TenThous
1990.6713000000007,2.635291923885173,50.977060322848885,5246,1417.5171999999993,0.8984415139578695,0.07496943604446729,8.691551982992248,80.49042384937452,070906,P9_TenThous
1991.6868000000006,2.635956617275366,50.977060322848885,5250,1422.6926999999996,0.8975893315096598,0.07515354717724447,8.66634681422039,80.4726072860956,070906,P9_TenThous
1538.3765999999987,1.288371130970142,35.140562248992644,1982,1858.4888000000014,0.8754416961130742,0.05441128140567692,8.922380074320504,30.142046665151017,070906,P9_TenThous
1698.2845999999988,1.1835472099317166,35.140562248992644,2010,1706.3870000000013,0.8784965034965035,0.05550346028834606,8.844622129980369,30.015824765377687,070906,P9_TenThous
1701.4558999999988,1.196622257444346,35.140562248992644,2036,1708.164100000001,0.8794816414686825,0.05571558635904156,8.87206786524112,29.872321922536248,070906,P9_TenThous
1701.8348999999992,1.1992937740317824,35.140562248992644,2041,1710.1077000000007,0.8793623438173201,0.05597132088126757,8.84724421173826,29.84551820596125,070906,P9_TenThous
1703.3671999999985,1.2011502863269892,35.140562248992644,2046,1715.6384000000014,0.8751069289991446,0.05701463644660928,8.751955848970528,29.775125230048154,070906,P9_TenThous
1179.9972000000005,1.266952158869529,17.665243633151462,1495,2038.4752999999996,0.8646616541353384,0.030004855491615145,8.08095705152417,60.00808934244397,070906,P9_TenThous
1181.5757,1.2677985845511208,17.665243633151462,1498,2218.7472,0.864396999422966,0.030258260718158958,8.021752867505286,59.960157746681396,070906,P9_TenThous
1184.5087,1.268880507167233,17.665243633151462,1503,2218.7472,0.8637931034482759,0.03020573832194103,8.013954440425751,59.84621561353063,070906,P9_TenThous
1188.4183999999998,1.2680719181056102,17.665243633151462,1507,2222.5243,0.8636103151862464,0.030453226289462072,7.951814036171395,59.77830675564527,070906,P9_TenThous
1189.7517999999998,1.2691722760999398,17.665243633151462,1510,2226.4302,0.8613804905875642,0.030701390816863135,7.9039637387448884,59.62341209448111,070906,P9_TenThous
1934.7864000000006,1.3753456195474596,36.083714216982074,2661,1284.7657999999997,0.8764822134387352,0.06825530295895858,8.61284133872309,117.575984550178,070906,P9_TenThous
1941.8492000000006,1.3821876590622997,36.083714216982074,2684,1462.7322999999992,0.8805774278215223,0.0690213663128974,8.548610613775015,117.4369973766384,070906,P9_TenThous
1944.9109000000008,1.384639265479976,36.083714216982074,2693,1464.6373999999992,0.8803530565544295,0.06950745492382893,8.51348596109475,117.30492128350336,070906,P9_TenThous
1944.9109000000008,1.384639265479976,36.083714216982074,2693,1464.6373999999992,0.8786296900489396,0.06939846145660694,8.51187366293938,117.2809058163191,070906,P9_TenThous
1946.9081000000017,1.3940051921300227,36.083714216982074,2714,1473.0450999999985,0.8791707159054097,0.07017285738436874,8.475393845049458,116.93198863348087,070906,P9_TenThous
2225.6709999999994,0.7934685764427898,76.7251884280452,1766,996.9184000000005,0.9065708418891171,0.02265278131584476,11.265244866807082,289.44224143720226,070906,P9_TenThous
2225.6709999999994,0.7934685764427898,76.7251884280452,1766,996.9184000000005,0.9047131147540983,0.02262543157276133,11.258778442390057,289.380805415397,070906,P9_TenThous
2226.984099999999,0.7947968734936188,76.7251884280452,1770,1182.2622000000006,0.9035222052067381,0.0228769252802372,11.143399522159942,289.25472451076655,070906,P9_TenThous
2224.692099999999,0.7951662164845198,76.7251884280452,1769,1184.554200000001,0.9011716760061131,0.023135868403649097,11.01723401343071,289.2142047937729,070906,P9_TenThous
2224.692099999999,0.7951662164845198,76.7251884280452,1769,1184.554200000001,0.9002544529262086,0.023108040179324243,11.01862065261615,289.22769883471807,070906,P9_TenThous
1435.7680000000007,0.7320124142619138,19.55481589348582,1051,1787.1821999999993,0.8503236245954693,0.02500577854123525,7.167454800160522,67.19103591272825,070906,P9_TenThous
1433.7772000000004,0.7372135642832092,19.55481589348582,1057,1969.9152999999994,0.848314606741573,0.02525608198758552,7.117137888638935,67.06643831142806,070906,P9_TenThous
1439.0607000000005,0.747015049469421,19.55481589348582,1075,1969.9152999999994,0.8504746835443038,0.025218570227882625,7.189279041105668,66.81309167112923,070906,P9_TenThous
1436.1712000000002,0.7554809621582719,19.55481589348582,1085,1977.1666999999995,0.848982785602504,0.024892889556955473,7.30908937118742,66.62172568159068,070906,P9_TenThous
1439.0270000000005,0.7567613394328249,19.55481589348582,1089,1977.1666999999995,0.8494539781591264,0.024872477345562402,7.302814992454102,66.57632168579686,070906,P9_TenThous
2548.9419000000007,2.743883648348359,58.61664712781104,6994,850.3451999999993,0.9283249269976108,0.14910926624094745,10.021104849022075,55.60203219737052,070906,P9_TenThous
2551.173200000001,2.7465794952690774,58.61664712781104,7007,851.9003999999991,0.9280794701986755,0.14947926738713324,9.989086275124935,55.58226598248846,070906,P9_TenThous
2553.4156000000003,2.768057029180835,58.61664712781104,7068,855.7787999999996,0.926829268292683,0.1513133914404126,9.934402437960566,55.327294555001394,070906,P9_TenThous
2556.7825000000003,2.7824032744279186,58.61664712781104,7114,857.3093999999996,0.9267847837415321,0.15138587768290473,9.933420760014991,55.17599073151874,070906,P9_TenThous
2560.5629000000004,2.795869611326478,58.61664712781104,7159,858.5509999999997,0.9269713841771332,0.152922523397073,9.856648008111625,55.03704190074516,070906,P9_TenThous
1508.6400999999994,2.066761979878436,65.75432540171391,3118,1889.360400000001,0.8802936194240542,0.06499969794258015,7.634585453413478,223.2079713081971,070906,P9_TenThous
1509.8612999999993,2.0677395996572674,65.75432540171391,3122,1893.768200000001,0.8794366197183099,0.06519802534564424,7.60527747791611,223.15437616166125,070906,P9_TenThous
1514.2386999999992,2.069686899430058,65.75432540171391,3134,1894.070000000001,0.879842784952274,0.06569304683383416,7.553216936217138,223.02039381425996,070906,P9_TenThous
1423.5813999999993,2.1972751259604837,65.75432540171391,3128,1989.7582000000007,0.8747203579418344,0.06589105186923104,7.526266579583874,222.8518602634988,070906,P9_TenThous
1427.3234999999993,2.2006223536570384,65.75432540171391,3141,1991.3061000000007,0.87468671679198,0.06608070044138985,7.499677246173062,222.6733037422869,070906,P9_TenThous
2770.7815,2.7840520806133577,29.368575624100117,7714,926.2208999999998,0.9425708699902249,0.06085613053569677,10.91340515617053,130.933823214228,070913,M6
2771.8571,2.7873009759413643,29.368575624100117,7726,926.3493999999996,0.9417357386640663,0.061312654780690846,10.838844413424752,130.80573548397447,070913,M6
2774.4246000000003,2.789046781087509,29.368575624100117,7738,930.9171999999996,0.9411335441498418,0.06203957698826931,10.706786348514084,130.70368809183267,070913,M6
2775.6733999999997,2.791394693626419,29.368575624100117,7748,935.3255000000001,0.9401771629656595,0.06303470060268178,10.549235387259863,130.58595302063804,070913,M6
2777.1436,2.7927976068648377,29.368575624100117,7756,937.1360000000002,0.9400072718458369,0.06351372855970967,10.470872350260933,130.55316781172564,070913,M6
2319.862499999999,7.32198567803049,72.66435986165207,16986,1377.198400000001,0.948144013396595,0.14443255896114365,10.00008919270748,88.62752435088075,070913,M6
2320.463299999999,7.329139831687925,72.66435986165207,17007,1380.0915000000011,0.9473596256684492,0.1450455048534333,9.96025917768438,88.56360992493276,070913,M6
2321.2400999999995,7.337457249683048,72.66435986165207,17032,1384.2288000000005,0.9461696572412643,0.1462018394079613,9.878921325389902,88.43517775982252,070913,M6
2322.2287999999994,7.342945708019815,72.66435986165207,17052,1389.1155000000006,0.9455472995453034,0.14654657605778074,9.852455564944115,88.38895148734477,070913,M6
2323.2453,7.346189401523808,72.66435986165207,17067,1391.203,0.9447550512039856,0.14822671219136732,9.752749604196714,88.35851200815897,070913,M6
2131.5310000000013,6.578370194944381,33.55704697992531,14022,1565.404699999999,0.9618603374948552,0.1271222897223549,8.96593364037086,54.58889569319619,070913,M6
2133.8495000000007,6.596528949206585,33.55704697992531,14076,1567.6677999999993,0.9610159076944084,0.1288410362535987,8.86513063928287,54.392280191502934,070913,M6
2135.154000000001,6.611232726070342,33.55704697992531,14116,1570.4384999999993,0.9599455967358042,0.13056158638585783,8.765053160876825,54.237759702201075,070913,M6
2137.5802000000003,6.620102487850513,33.55704697992531,14151,1574.0168999999996,0.9588047970729724,0.13199287119971312,8.671735554804883,54.10674548828049,070913,M6
2141.5536,6.6349028107444985,33.55704697992531,14209,1575.3984999999998,0.9587072397274138,0.13369787030591015,8.568340922747444,53.941228651349945,070913,M6
2042.2252,1.3666465382955806,41.761579346993315,2791,1557.4877,0.8592980295566502,0.0476077729751934,8.681793207987418,74.83709522090315,070913,M6
2043.5678,1.3686847091640415,41.761579346993315,2797,1652.9686,0.8592933947772657,0.048100690201667816,8.603532918345225,74.78065652433874,070913,M6
2043.5678,1.3686847091640415,41.761579346993315,2797,1652.9686,0.8587657353392693,0.04776537389277435,8.64910933879671,74.81721740893552,070913,M6
2047.7364,1.368828526952981,41.761579346993315,2803,1660.5046999999997,0.858499234303216,0.048499349300396885,8.523172283537162,74.77341555955992,070913,M6
2047.7364,1.368828526952981,41.761579346993315,2803,1660.5046999999997,0.8577111383108935,0.048464272219293725,8.52212709114893,74.76388363369055,070913,M6
2649.6226999999994,1.1816776781086609,8.024394158243695,3131,951.0780000000002,0.9464933494558646,0.03489129832387342,7.776433996195379,34.17319140614639,070913,M6
2651.889399999999,1.1855698054375876,8.024394158243695,3144,1049.6570000000004,0.9458483754512635,0.03565591073704819,7.637020717162696,34.05198336200012,070913,M6
2653.813199999999,1.1877248933722995,8.024394158243695,3152,1052.6898000000003,0.9454109178164367,0.035881075870049316,7.590056818936486,33.99158721137464,070913,M6
2575.0750999999996,1.22443030884808,8.024394158243695,3153,1137.0708000000004,0.9426008968609866,0.03663475707492583,7.470016431356632,33.93039849508174,070913,M6
2580.7337999999995,1.2306577299836197,8.024394158243695,3176,1136.2261000000005,0.9438335809806835,0.037662442823703984,7.31387722792274,33.77064841868822,070913,M6
2440.825999999999,0.8378311276592435,4.7442617025121985,2045,1160.2294000000009,0.9480760315252665,0.024077851431053572,7.472642890444759,80.33726577192081,070913,M6
2440.825999999999,0.8378311276592435,4.7442617025121985,2045,1160.2294000000009,0.9467592592592593,0.024045231403742238,7.472391929425792,80.33442838909376,070913,M6
2440.825999999999,0.8378311276592435,4.7442617025121985,2045,1160.2294000000009,0.9450092421441775,0.02400681707288224,7.470546168669776,80.31355500540235,070913,M6
2445.0027999999993,0.8396718400486087,4.7442617025121985,2053,1264.6452000000006,0.9452117863720073,0.02424576542318936,7.402084637498884,80.11253517954357,070913,M6
2449.9960999999994,0.8408176649750587,4.7442617025121985,2060,1264.7537000000004,0.945387792565397,0.02448191690288578,7.326240587355441,79.95812985346733,070913,M6
2463.2574999999943,3.937468981622921,22.284122562707065,9699,1233.1592000000055,0.9467981257321358,0.08683269312030524,9.525172347754328,119.37553329088513,070913,M6
2466.618899999994,3.941022263309514,22.284122562707065,9721,1235.287800000006,0.9463590342679128,0.08778281224960796,9.420436979008954,119.22773478457788,070913,M6
2468.737399999994,3.9445264611781,22.284122562707065,9738,1236.706400000006,0.9456205088366673,0.08874525405082298,9.32280255481298,81.75458851484541,070913,M6
2471.071299999994,3.951727333808629,22.284122562707065,9765,1240.7362000000057,0.9449390361912134,0.09078131871314113,9.126772600608465,81.5769983829562,070913,M6
2471.5692999999947,3.9533587021007346,22.284122562707065,9771,1244.935700000006,0.9438755795981453,0.09174013028874116,9.037483555648521,81.54004389847947,070913,M6
2531.8693000000026,6.413838186671004,54.054054054169654,16239,718.1831999999977,0.9764295592568095,0.10890296505857595,14.631687094147669,158.61916310129644,070921,M3
2536.370200000002,6.4450370848861045,54.054054054169654,16347,719.2648999999975,0.9764649662505227,0.11088254767673111,14.398972026537226,156.17868827216856,070921,M3
2540.033200000003,6.471175258654092,54.054054054169654,16437,720.2330999999973,0.9761848200498872,0.11164423961884166,14.304940258261045,155.4612139460894,070921,M3
2543.5144000000028,6.50045464653158,54.054054054169654,16534,722.0799999999969,0.9756299049979348,0.11360527250949913,14.096410209425366,154.66728691042536,070921,M3
2547.299700000003,6.51945273655863,54.054054054169654,16607,723.3027999999966,0.9752187444946855,0.11496012840312554,13.931745758692188,154.1247853129946,070921,M3
2009.740899999998,7.68307994329021,67.06671373101443,15441,1240.829400000002,0.9309658748341976,0.1608900474339545,12.23740626819761,528.2806165013603,070921,M3
2011.2932999999985,7.7049926035153655,67.06671373101443,15497,1243.6722000000016,0.9294668026150062,0.1621896287964737,12.145642567578005,526.8475893363704,070921,M3
2012.843699999999,7.724891902933153,67.06671373101443,15549,1247.6438000000012,0.9284647996656118,0.1649955348466736,11.957772020012534,525.776693601273,070921,M3
2016.037699999999,7.741918715111334,67.06671373101443,15608,1249.4941000000013,0.9279429250891795,0.1662768042112678,11.865083030951924,524.7002247547654,070921,M3
2017.350499999999,7.753238715830495,67.06671373101443,15641,1253.1216000000009,0.9267642353498845,0.16846959710816892,11.715959451982341,523.9943905546397,070921,M3
2271.3611000000024,1.4044442339001035,10.331112144222608,3190,976.9928999999978,0.9446254071661238,0.03447090181911566,10.570461035961614,90.37933207784177,070921,M3
2276.751500000002,1.4090250956241808,10.331112144222608,3208,978.3968999999978,0.944640753828033,0.03501850359299062,10.419980490532813,90.12649048920049,070921,M3
2281.8795000000023,1.4119939286890464,10.331112144222608,3222,978.3968999999978,0.9448680351906158,0.03496210751584106,10.40735929209078,89.95427812304702,070921,M3
2286.3239000000026,1.4175594280407935,10.331112144222608,3241,978.4924999999974,0.9451735199766695,0.03521984287172431,10.343274513446417,89.66761406259293,070921,M3
2289.313500000003,1.4196395557008665,10.331112144222608,3250,980.4784999999973,0.9447674418604651,0.03546964345853241,10.257364242851262,89.55676205366578,070921,M3
2141.4631000000004,12.485389078149417,86.0832137733142,26737,1109.1517999999992,0.9734226526377107,0.16519685558706226,15.9712080611711,160.84834520876095,070921,M3
2145.7720000000004,12.541407008759549,86.0832137733142,26911,1109.8650999999993,0.9734138754250162,0.16893565683135559,15.655371271692136,160.06836214290445,070921,M3
2149.3184000000006,12.592364165309334,86.0832137733142,27065,1111.3059999999994,0.9728962220065422,0.17205026038932858,15.403497687007482,159.32883826943942,070921,M3
2046.2738000000002,13.307114619754207,86.0832137733142,27230,1219.3543999999997,0.971771171621284,0.17760497970066946,14.993481974368848,158.43348826570505,070921,M3
2047.860399999999,13.355890860529367,86.0832137733142,27351,1222.717900000001,0.9705130934639131,0.18192232644350168,14.679423393216608,157.77275621849694,070921,M3
2550.8745000000035,4.233450136413996,27.59889604410078,10799,698.0842999999963,0.9678257752285356,0.09075486078419706,12.519585890631143,209.58705922215793,070921,M3
2553.222700000003,4.244439781927361,27.59889604410078,10837,702.053199999997,0.9669849201391987,0.09245452796050686,12.30328986937486,209.09738799987915,070921,M3
2554.8580000000034,4.250725480633361,27.59889604410078,10860,704.1706999999967,0.9660202810887742,0.09353990993732121,12.16089781774462,208.81998601167004,070921,M3
2557.382600000003,4.264125360045848,27.59889604410078,10905,708.2029999999969,0.9651296574918135,0.09645756972366529,11.82721802122699,208.20681469743576,070921,M3
2561.344400000002,4.27626991512738,27.59889604410078,10953,709.1378999999973,0.9650220264317181,0.09814492636287071,11.632404731814425,207.68730865174047,070921,M3
2181.388700000002,5.744505782027747,26.57807308970208,12531,1069.1133999999981,0.9637748038763267,0.09259849464996046,14.324696559343336,586.7040306767847,070921,M3
2183.848600000002,5.751314445516043,26.57807308970208,12560,1070.9115999999979,0.9629686421835467,0.09368493792236357,14.14873430721693,585.9008824423706,070921,M3
2187.652300000001,5.758684778198068,26.57807308970208,12598,1072.3939999999986,0.9628553959033934,0.09538053952385545,13.890544825040255,585.1064063307846,070921,M3
2190.0441000000014,5.7624410394292935,26.57807308970208,12620,1075.5280999999984,0.9621835925587069,0.09615264777904073,13.77141670543516,584.6555389520915,070921,M3
2192.682900000001,5.770100181836596,26.57807308970208,12652,1077.1549999999988,0.9616904834296138,0.0975407917731589,13.567685641232785,583.8683749207133,070921,M3
2694.9769999999994,2.5387971771187665,20.297699594040946,6842,554.8682000000003,0.9673405909797823,0.05568290327827402,12.677454397957037,75.30916358632518,070921,M3
2697.9676999999997,2.553403437706093,20.297699594040946,6889,557.0610000000003,0.9660636656850372,0.05590221927817519,12.646302542204333,74.7735109377953,070921,M3
2701.2742000000003,2.566196352817496,20.297699594040946,6932,558.7599000000002,0.9657286152131513,0.056430033658674966,12.539734456966851,74.36462081814739,070921,M3
2701.5651,2.579985949626015,20.297699594040946,6970,563.2330000000004,0.9635056676803981,0.05726555329365126,12.414235843700471,73.85444933918886,070921,M3
2609.124999999999,2.6943898816653102,20.297699594040946,7030,661.0041000000008,0.9622228305502327,0.05900923855365237,12.142863334913148,73.18203753504503,070921,M3
2213.4911999999995,1.7465621729148961,11.350737797954789,3866,679.0553000000007,0.9470847623713866,0.020310106398185115,22.599652959716067,120.44832071603945,070921,M3
2213.4911999999995,1.7465621729148961,11.350737797954789,3866,679.0553000000007,0.946852804310556,0.020290100478422123,22.614718952221757,120.52082937532901,070921,M3
2213.4911999999995,1.7465621729148961,11.350737797954789,3866,679.0553000000007,0.946852804310556,0.020290100478422123,22.614718952221757,120.52082937532901,070921,M3
2217.180799999999,1.7472639128031424,11.350737797954789,3874,675.3657000000005,0.9485798237022527,0.019905569814238466,23.00635783206581,120.8755218597017,070921,M3
2217.180799999999,1.7472639128031424,11.350737797954789,3874,675.3657000000005,0.9485798237022527,0.019905569814238466,23.00635783206581,120.8755218597017,070921,M3
611.4714999999993,3.6224092210348355,34.96775196207779,2215,2489.354500000001,0.8618677042801557,0.027701529318329077,22.99056159946514,215.93502191772367,070921,M3
613.9687999999993,3.612561420059134,34.96775196207779,2218,2638.2049000000006,0.8616938616938616,0.02796360601208925,22.746397792077694,215.94412877951558,070921,M3
613.9687999999993,3.612561420059134,34.96775196207779,2218,2638.2049000000006,0.8613592233009709,0.027932875152326255,22.753268972719816,216.0267705149035,070921,M3
613.9687999999993,3.612561420059134,34.96775196207779,2218,2638.2049000000006,0.8610248447204969,0.027875267185201773,22.76946582551056,216.22158318736777,070921,M3
613.9687999999993,3.612561420059134,34.96775196207779,2218,2638.2049000000006,0.8603568657874321,0.02783033344256484,22.77755564481344,216.3188881654654,070921,M3
2511.4450999999976,13.8390443016254,77.22007721980172,34756,739.1590000000023,0.9740758386816513,0.2217992074846681,15.510614466829791,125.74415123082532,070921,M3
2513.794899999998,13.902088829920064,77.22007721980172,34947,741.5718000000018,0.973128759189129,0.22791395517147517,15.141225092251654,125.14204003962523,070921,M3
2516.821999999998,13.94536443181124,77.22007721980172,35098,743.7906000000021,0.9722976342179622,0.23062548852658127,14.96240162646569,124.73071827406181,070921,M3
2519.4226999999983,14.00439870610042,77.22007721980172,35283,745.9006000000018,0.9713947469852982,0.23333633322608638,14.81454351745729,124.22989134134227,070921,M3
2522.052599999999,14.036186239731881,77.22007721980172,35400,748.5458000000006,0.9705809777095386,0.237258659635331,14.57253167852571,123.94939986524155,070921,M3
2311.6627999999996,2.365829479974329,23.88059701492278,5469,936.4075,0.9453759723422644,0.05599060219277041,11.171607434134577,153.97482116396154,070921,M3
2313.7751000000003,2.3727457348814927,23.88059701492278,5490,941.1705999999999,0.9442724458204335,0.0562136045708357,11.120017214215999,153.52831378838923,070921,M3
2314.5153999999998,2.3836523187532044,23.88059701492278,5517,945.0099,0.9425935417734496,0.05704445851881855,10.986395303722151,152.87781689990612,070921,M3
2315.9258,2.389972943001887,23.88059701492278,5535,949.2500000000002,0.9410064603876233,0.05787498311596888,10.83220366554016,152.4447120371122,070921,M3
2191.1038999999996,2.5279494961421047,23.88059701492278,5539,1075.0667000000003,0.9383364390987633,0.058397527809453086,10.746562205056547,152.1865217599144,070921,M3
1677.0659999999998,3.3737491547738734,77.68150582608702,5658,1573.2597999999998,0.8732829140299428,0.09260345729008565,10.704014089151583,113.04322379056474,070921,M3
1678.047500000001,3.3914415414343138,77.68150582608702,5691,1576.3730999999993,0.8712492345376608,0.09245645907427126,10.741676607552174,112.41618820375672,070921,M3
1680.6715000000013,3.404591557600635,77.68150582608702,5722,1579.7005999999983,0.8709284627092846,0.09323855756639023,10.685535425557326,112.00486079838622,070921,M3
1681.0304000000015,3.415167268837015,77.68150582608702,5741,1582.4279999999985,0.8690584317287314,0.09370690745462947,10.655005736478712,111.63099577350815,070921,M3
1682.027700000002,3.4291944181418614,77.68150582608702,5768,1588.0605999999982,0.868151715833835,0.09509992877290545,10.537400272781618,111.22246661090533,070921,M3
2217.0611,3.307080711487834,42.91845493550639,7332,889.2751000000005,0.9306930693069307,0.08063354577092441,13.520348476092718,137.89921948143987,070921,M3
2219.9566,3.3144792109899806,42.91845493550639,7358,1034.4115000000004,0.9303325325578455,0.08078596946142912,13.478136047735227,137.7183463304358,070921,M3
2223.3324000000007,3.3197914985631467,42.91845493550639,7381,1036.1842999999997,0.9298311917359536,0.08157802820324178,13.344459416599886,137.5313779987309,070921,M3
2226.8392000000003,3.333873411245859,42.91845493550639,7424,1037.2475999999997,0.9296268469822189,0.0817605001611325,13.314141902065238,137.12498795943893,070921,M3
2228.3908000000006,3.3373858840199833,42.91845493550639,7437,1040.9276999999997,0.9292765213045108,0.08225049838756918,13.230750446719776,137.0674384720587,070921,M3
2439.4194000000007,3.781637548672441,25.28445006321062,9225,791.0785999999994,0.9547712688884289,0.07290850195270195,13.588912339452174,206.51019755730024,070921,M3
2441.6310000000008,3.8179397296315445,25.28445006321062,9322,793.8435999999992,0.954438415071158,0.07463860631845597,13.384500013041116,183.2800409318225,070921,M3
2443.312000000001,3.8451904627816655,25.28445006321062,9395,797.2259999999992,0.9533231861998985,0.07636477188186534,13.144004536499644,182.0304224222619,070921,M3
2444.8930000000005,3.8774703023813304,25.28445006321062,9480,800.6608999999996,0.9521896343913219,0.07839104823223593,12.902382240388524,180.57883223160886,070921,M3
2449.5406000000003,3.903180865832556,25.28445006321062,9561,800.9900999999994,0.9524805738194859,0.07888223747204076,12.852495868366711,208.65948053466357,070921,M3
2515.8722,13.310692013688136,63.10283602860453,33488,708.7668000000006,0.989364216497282,0.09767274075353868,35.332856410752335,387.47354440930803,070922,DatExt
2520.4680999999996,13.399495117593437,63.10283602860453,33773,709.3366000000004,0.9892501464557704,0.09844960143545711,35.12347210526622,384.97088824889545,070922,DatExt
2524.5778999999998,13.492948662823993,64.822017261177,34064,710.2637000000004,0.9888814700844776,0.1007684957869341,34.438472453113135,382.34654531394654,070922,DatExt
2283.3021,15.031738463342192,83.20726172465228,34322,956.5248000000001,0.988394528437725,0.10370109517306896,33.566206050710406,380.0370664954635,070922,DatExt
2286.5397999999996,15.108855747885958,83.20726172465228,34547,958.2875000000004,0.9876779690090914,0.10662300505969301,32.6990470371523,378.0115779521795,070922,DatExt
2269.4099999999985,3.7348914475568566,39.577836411611464,8476,953.8667000000012,0.9623069936421436,0.05891433226635344,18.120090203551747,275.8527937718087,070922,DatExt
2273.768599999999,3.7668740785671875,39.577836411611464,8565,954.4709000000014,0.9624676929992134,0.059751286045814686,17.94888281726018,273.90796396105554,070922,DatExt
2278.4983999999986,3.789337749809263,39.577836411611464,8634,954.7147000000014,0.9625418060200669,0.059349822692404706,18.072054411915502,272.48227904205635,070922,DatExt
2283.003699999999,3.817339411232669,39.577836411611464,8715,955.255600000001,0.9625579854208085,0.05956739748558917,18.05447495894538,270.7501903905982,070922,DatExt
2287.9851999999987,3.8400598045826544,39.577836411611464,8786,955.291600000001,0.9628493150684931,0.0600912425426768,17.92635113890256,269.3597849855134,070922,DatExt
2830.003600000006,8.886914490144093,151.51515151351458,25150,394.5909999999943,0.9716427136454953,0.19194000804969727,15.878561184259757,139.52453656741682,070922,DatExt
2832.6522000000055,8.927675624984936,151.51515151351458,25289,397.0467999999945,0.9711224607349949,0.19535082376439364,15.635427755094684,138.93895108952242,070922,DatExt
2835.9478000000054,8.970193315970045,151.51515151351458,25439,398.79279999999426,0.9707689372257203,0.19782797250438466,15.470309356501861,138.3204630891677,070922,DatExt
2836.9331000000066,9.000212236234947,151.51515151351458,25533,402.69889999999305,0.9697671768772076,0.2012301209639935,15.24707860519068,137.9017959819547,070922,DatExt
2859.044900000007,8.976424259723915,151.51515151351458,25664,385.64929999999276,0.9688549964136056,0.2036932702301238,15.083813251777617,137.3107639734607,070922,DatExt
2669.0309999999977,6.773244671942745,99.6677740865522,18078,555.8703000000021,0.9688102893890675,0.1324010234134001,16.581079957377778,586.7531101396091,070922,DatExt
2671.283399999997,6.802722616402296,99.6677740865522,18172,558.600900000003,0.9677281925657685,0.13436252967120932,16.373314520242573,584.4525809957768,070922,DatExt
2673.4626999999978,6.836452216071694,99.6677740865522,18277,561.4574000000022,0.9668835634555362,0.13848134005672602,15.952381456099383,581.9941976729796,070922,DatExt
2675.959999999998,6.85884691848907,99.6677740865522,18354,563.884800000002,0.9663051489944193,0.14043084615695867,15.747249432388175,580.409124742096,070922,DatExt
2679.259799999998,6.881751444932669,99.6677740865522,18438,565.6514000000019,0.9656942334887132,0.1423700251806967,15.541152126412419,578.6474412563451,070922,DatExt
2551.3966000000014,9.962778816903647,59.9630996309867,25419,673.2469999999985,0.9910714285714286,0.07783126498038667,33.619445504175026,263.7909812224315,070922,DatExt
2459.9149000000016,10.390196831605834,62.026188835255915,25559,769.9922999999985,0.9906589147286822,0.07925632306016589,33.00808655643626,262.6360948293162,070922,DatExt
2464.3867000000023,10.441543123082095,62.026188835255915,25732,770.6215999999977,0.9904541955350269,0.08067674248085806,32.45417152689342,261.20439454353885,070922,DatExt
2468.033300000003,10.48284072990424,62.026188835255915,25872,771.9077999999972,0.9900505127812643,0.08302254148418811,31.570487291943664,260.05882957765897,070922,DatExt
2472.0755000000026,10.523950421417133,62.026188835255915,26016,772.8380999999974,0.9896907216494846,0.08443668818477114,31.0434879508874,258.89264415905006,070922,DatExt
2460.874200000002,9.601872375272162,77.97270955164605,23629,763.9413999999979,0.9700316104930415,0.14976481342994105,18.64499467185493,802.3510548178343,070922,DatExt
2464.5488000000023,9.647201954369894,83.18083513554116,23776,765.3129999999976,0.9691831077775966,0.15015088461161477,18.60794499046185,798.6715408851323,070922,DatExt
2468.0765000000024,9.702292453252554,83.18083513554116,23946,766.9249999999979,0.9687285084348072,0.15300757248386002,18.301499303028944,794.6547831535687,070922,DatExt
2471.1593000000007,9.741986281499535,83.18083513554116,24074,768.7613999999992,0.9679935665460394,0.15462569717362745,18.120321572027557,791.6199679417213,070922,DatExt
2475.7418000000002,9.793428377708853,83.18083513554116,24246,769.1954999999996,0.9682134014855044,0.15746947842441647,17.82655799175876,788.0620304960747,070922,DatExt
2912.878,12.355477984316542,75.34983853597943,35990,312.09070000000014,0.995821919703384,0.08185821623629193,43.93967086222078,213.9575780730529,070922,DatExt
2917.630399999999,12.425494332661193,75.34983853597943,36253,312.31420000000077,0.9958247493476171,0.08420879260535348,42.771201695322496,212.70282842817477,070922,DatExt
2921.859299999999,12.493072476145587,75.34983853597943,36503,313.1049000000009,0.9955544646266296,0.08747783804612715,41.24672207202974,211.48292688349812,070922,DatExt
2925.681399999999,12.555707535345446,75.34983853597943,36734,314.261200000001,0.9949620801733478,0.09042993012173751,39.962627476258945,199.84904410671507,070922,DatExt
2930.070599999998,12.62051501421161,75.34983853597943,36979,314.87930000000136,0.9947276395427034,0.09275576833023469,38.99514242119138,198.74163573345282,070922,DatExt
2297.8400999999985,15.94192737780145,104.19955794116736,36632,927.0478000000011,0.9896261076291334,0.12278774696111955,31.02915218141051,362.71599361554735,070922,DatExt
2301.8798999999985,16.030810295532806,104.19955794116736,36901,927.9884000000013,0.9893029490616622,0.12662202739698206,30.16506974997386,360.47485149322966,070922,DatExt
2306.8213999999994,16.118716429455706,104.19955794116736,37183,928.1651000000008,0.9894095420558261,0.12982528514964728,29.47221104408056,358.2896515805852,070922,DatExt
2310.2958999999987,16.17671571853632,104.19955794116736,37373,929.6545000000012,0.9888345019182432,0.1324039256745471,28.90759582733129,356.7695766261074,070922,DatExt
2314.1808999999985,16.25758816002674,104.19955794116736,37623,930.7634000000012,0.9884402175340882,0.1362060651081632,28.16497507062418,214.31807799699197,070922,DatExt
2300.646299999997,5.476287250239212,60.836501901159195,12599,924.1736000000026,0.9790193488227523,0.06914849826051217,20.36053467850798,210.056707839251,070922,DatExt
2303.176699999998,5.498926764932977,60.836501901159195,12665,926.4906000000017,0.977992277992278,0.07089829596100457,19.876708437969356,209.16829079724812,070922,DatExt
2306.679199999998,5.513987380646607,60.836501901159195,12719,928.1539000000021,0.9774072081764389,0.07233157685063121,19.494419976989143,208.55289470761838,070922,DatExt
2209.466199999998,5.788275919314815,60.836501901159195,12789,1030.1966000000018,0.9773786778754299,0.07314713898854544,19.274744811466068,207.8020388913284,070922,DatExt
2213.5111999999986,5.808418769238669,60.836501901159195,12857,1030.9267000000016,0.9771241830065359,0.07364993127598568,19.14016665496963,207.04820656565195,070922,DatExt
2607.845900000002,10.0113277398791,49.84423676006755,26108,617.0220999999981,0.9932283344746253,0.0812388540757316,32.98284633309638,434.04571888832237,070922,DatExt
2612.128600000002,10.06344021500319,57.581573895980846,26287,617.7504999999983,0.992973973482416,0.08328020479376338,32.218891119526866,431.7216831988757,070922,DatExt
2616.504200000001,10.114640748522394,57.581573895980846,26465,618.4325999999988,0.9928346338535414,0.08624101563354876,31.15946885599599,429.49111491097983,070922,DatExt
2734.009800000001,9.738809275665357,57.581573895980846,26626,505.9074999999988,0.9926925658041906,0.08950365623978906,30.058223061803826,427.53567144260734,070922,DatExt
2738.095600000001,9.792572618720833,57.581573895980846,26813,506.589799999999,0.9923022834092002,0.09090681613760543,29.631281590498673,425.08945296404113,070922,DatExt
2247.0087999999982,4.778797484015198,58.389674247069976,10738,977.8773000000018,0.9551681195516812,0.10108265100476775,14.035419900677914,146.1295738537941,070922,DatExt
2249.862999999999,4.807848300096497,58.389674247069976,10817,979.9823000000014,0.9547219770520742,0.10278414064238788,13.852598520690163,145.5063997634957,070922,DatExt
2252.8050999999987,4.829978412247027,58.389674247069976,10881,982.0636000000018,0.9541388986320589,0.1041713935338065,13.694541763045159,145.0115271079474,070922,DatExt
2136.000099999999,5.115636464623764,58.389674247069976,10927,1103.7920000000008,0.9528252528775724,0.10524499383360014,13.55760579682754,144.60836634679993,070922,DatExt
2140.125099999999,5.139886448694053,58.389674247069976,11000,1104.680700000001,0.9527934170636639,0.10662497322049083,13.419837503071825,144.09479905180794,070922,DatExt
1759.9266999999998,1.487561953574544,41.063323968010216,2618,1463.4402,0.9250883392226148,0.03503815779412657,11.170446689172953,52.115831899760934,070922,DatExt
1761.6721000000005,1.508793832859134,41.063323968010216,2658,1466.0262999999998,0.9238790406673618,0.03561207243061994,11.19250083107582,51.683417458267435,070922,DatExt
1766.1320999999998,1.5276320497204032,41.063323968010216,2698,1467.6894000000002,0.9246058944482523,0.03585684537780225,11.179517903823943,54.08447142584701,070922,DatExt
1757.2961000000005,1.541003818309276,41.063323968010216,2708,1480.0942999999997,0.9179661016949152,0.03672974975465916,11.070143732964207,70.68111895726571,070922,DatExt
1670.7558000000006,1.6274071890099073,41.063323968010216,2719,1571.7971999999997,0.9133355727242191,0.036990844149558916,11.064383362039724,85.03589647980452,070922,DatExt
1950.4992000000007,8.61061619507457,51.7403574788728,16795,1273.8732999999993,0.9719328703703703,0.10883430367952036,17.770277749775342,171.35883139121555,070922,DatExt
1954.7150000000001,8.654970161890608,51.7403574788728,16918,1274.6665999999996,0.9717403790924756,0.10990420470887197,17.624443491314224,170.36587151461555,070922,DatExt
1959.1735000000003,8.716430678548887,51.7403574788728,17077,1275.1930999999995,0.9718301843842476,0.11189854993080219,17.385100543279883,169.079000096175,070922,DatExt
1962.8198000000004,8.747109642973847,51.7403574788728,17169,1276.4022999999997,0.9714819215752843,0.11357790524565728,17.150850469152687,168.38169349647598,070922,DatExt
1966.984,8.790615480349611,51.7403574788728,17291,1277.3424,0.9714044943820225,0.1158687561994407,16.86369304136657,167.44677011908658,070922,DatExt
3072.536799999998,7.004960851892812,46.69192141661668,21523,152.35760000000158,0.9910669061104204,0.06976624772189946,32.00695689918396,304.09578177127105,070922,DatExt
3075.5902999999985,7.041249935012479,46.69192141661668,21656,154.30270000000138,0.9902601856509214,0.0724439611131962,30.890743239410792,302.5473749433007,070922,DatExt
3079.831699999999,7.085452104412072,46.69192141661668,21822,155.15380000000118,0.9898843275119075,0.0729489025084902,30.72449920106506,300.7059771126912,070922,DatExt
3083.4855,7.12505377437319,46.69192141661668,21970,156.26350000000065,0.9894613583138173,0.07499888659060339,29.941648215446257,299.08949992569984,070922,DatExt
3088.072299999999,7.169521257646723,46.69192141661668,22140,156.86770000000092,0.9894087679313581,0.0751909310369119,29.897367515039814,297.32137692945906,070922,DatExt
2588.1515,5.727639977798827,38.284839203687504,14824,636.7018999999998,0.9906442127773323,0.048371265087183625,31.554520672860555,200.57445436800987,070922,DatExt
2592.7826999999997,5.752121070539387,38.284839203687504,14914,637.0321999999999,0.9905685441020191,0.04953470810311046,30.823965897216954,199.60780796571288,070922,DatExt
2597.6059,5.792256631385077,38.284839203687504,15046,637.3235,0.9905852919876226,0.05038457495093454,30.389129484605487,198.0841081025181,070922,DatExt
2601.9943000000003,5.816692219502555,38.284839203687504,15135,637.8934999999997,0.9903808402041617,0.05123328548782313,29.894634743465232,197.12241040976048,070922,DatExt
2605.3969999999995,5.833276080382377,38.284839203687504,15198,638.8006000000003,0.9899042532404091,0.052388476951104046,29.24011418273404,196.46632451870917,070922,DatExt
2053.2159999999985,2.6889523557190302,24.937655860352013,5521,1063.3624000000013,0.9522249051397034,0.08951476069528136,10.245977900289198,79.18854028512686,070924_1,P4
2057.6416999999983,2.7167023296621586,24.937655860352013,5590,1063.7800000000013,0.9524620889418981,0.09001137955252173,10.239457306305527,78.56199590857818,070924_1,P4
2061.7904999999987,2.7306363085871252,24.937655860352013,5630,1064.7393000000013,0.9526226734348562,0.09018901795193213,10.223638616159946,78.2431737869221,070924_1,P4
2066.521499999999,2.7456767326156553,24.937655860352013,5674,1065.023700000001,0.952972791400739,0.09100257827866165,10.153129825150424,77.89889591024645,070924_1,P4
2071.9062999999987,2.75977731232344,24.937655860352013,5718,1063.9395000000013,0.9534767383691846,0.09182239915605013,10.0880925956878,77.5621686088675,070924_1,P4
2916.9382000000005,5.978871955532002,23.329529605679728,17440,199.68059999999983,0.9986257443884563,0.018929619226538325,77.52719252035848,393.7434049126411,070924_1,P4
2921.9419000000003,6.004910638366902,23.329529605679728,17546,199.68059999999983,0.9986340352874218,0.018899328721470023,77.57289186960372,391.5998680023166,070924_1,P4
2926.4519999999998,6.0335860625768,23.329529605679728,17657,200.17719999999983,0.9984731961094775,0.01918881460969823,76.38055374831022,389.2619801226493,070924_1,P4
2931.1984,6.058955272355497,23.329529605679728,17760,200.44579999999982,0.9984259051045649,0.019796933908351244,74.01162881915826,387.2101866923742,070924_1,P4
2936.1531,6.084491983745671,23.329529605679728,17865,200.44579999999982,0.9984351422343933,0.01976542709915929,74.04596132487374,385.1523582540493,070924_1,P4
2390.3238999999967,13.58937171652764,98.88751545126145,32483,726.2944000000035,0.9711782820581816,0.19475004569567586,16.627761024016532,102.93841559384458,070924_1,P4
2393.965799999997,13.643052043600639,98.88751545126145,32661,727.6449000000032,0.9708111642838034,0.19860179849304158,16.33787577609001,102.47125679518619,070924_1,P4
2395.9950999999965,13.714134891177386,98.88751545126145,32859,730.6336000000034,0.969606657027354,0.20436071873568834,15.944810910585865,85.62752435088075,070924_1,P4
2399.241799999996,13.753928428556076,98.88751545126145,32999,732.1789000000043,0.9690482483187972,0.2091444265516864,15.590624976950611,85.34446012446904,070924_1,P4
2470.8085999999957,13.447014876020772,98.88751545126145,33225,665.8273000000039,0.9684894770594065,0.2148672448784607,15.225852475421384,84.83739377896495,070924_1,P4
2524.4887999999987,3.655393519670202,35.62945368170606,9228,591.9926000000012,0.9539956580171611,0.12128170895040082,9.689175298679332,54.9277684895023,070924_1,P4
2525.641999999999,3.6853995934499046,36.73094582187221,9308,595.9321000000011,0.9529074529074529,0.12364635668482335,9.569784812754532,54.484694553485056,070924_1,P4
2526.617299999999,3.696642146794453,36.73094582187221,9340,599.9101000000011,0.9516046867040244,0.12472948493406943,9.503058702319361,54.31008497283362,070924_1,P4
2530.401999999999,3.719962282672873,36.73094582187221,9413,601.0935000000011,0.9516732382974421,0.1251688182505333,9.476990675292441,53.97814942256567,070924_1,P4
2532.739199999999,3.737060649592348,36.73094582187221,9465,603.8027000000013,0.9509695569175123,0.1259233810102632,9.441587881266297,53.72687830029847,070924_1,P4
2376.6135999999965,10.888181402311272,62.41331484050022,25877,740.0393000000038,0.9775234209731036,0.1594580761136069,15.96237337255848,110.02347212052298,070924_1,P4
2379.839099999996,10.938134431021005,62.41331484050022,26031,741.7595000000039,0.976992944002402,0.16240759944558467,15.698753171269015,109.47047596927925,070924_1,P4
2383.623499999997,10.9925078352349,62.41331484050022,26202,742.933800000003,0.9765933656354827,0.16374705978881682,15.588637545747325,108.86475282452062,070924_1,P4
2387.1619999999966,11.039049716776674,62.41331484050022,26352,744.455500000003,0.9758915676035996,0.16667761885503204,15.336915443743198,113.32026057705542,070924_1,P4
2390.772599999997,11.08888398670791,62.41331484050022,26511,745.8661000000031,0.9756734874135139,0.16928070397309464,15.12078161080115,157.96568444433674,070924_1,P4
2492.9643,12.195521612563805,72.14428857718376,30403,623.5219999999999,0.98280265071925,0.17486028823392394,16.726286207976656,153.6646464227544,070924_1,P4
2497.2654999999995,12.25300233395288,72.14428857718376,30599,624.2646000000005,0.9825952923798208,0.17778108639235057,16.473859170532997,152.8177451699458,070924_1,P4
2499.8649000000005,12.3106652683511,72.14428857718376,30775,626.5512999999999,0.9818152815441059,0.18357689733999316,16.00263658423508,151.98416261571936,070924_1,P4
2504.4212,12.363734981959103,72.14428857718376,30964,627.1197999999998,0.9817374762206722,0.18647245773062124,15.769530886552555,151.21381168053844,070924_1,P4
2508.2501000000007,12.409049639826584,72.14428857718376,31125,628.2544999999999,0.9812421185372006,0.189045456569803,15.556284128198639,150.52491165104908,070924_1,P4
2180.0329000000006,3.6958157833306085,18.65671641789787,8057,936.3528999999996,0.9740087040618955,0.09978281356219768,9.340021055039859,37.56865392968034,070924_1,P4
2184.7824,3.7051744832803486,18.65671641789787,8095,936.6748,0.9741275571600482,0.10026460566202877,9.289134422606564,37.46290911571592,070924_1,P4
2189.2405,3.719554795373099,18.65671641789787,8143,937.2407999999999,0.97415958846752,0.1007441732208747,9.245408373420817,37.31161577736465,070924_1,P4
2193.6528,3.7325870347395,18.65671641789787,8188,937.6516999999998,0.974297953355545,0.10186504682295532,9.153686511076037,37.17693352081919,070924_1,P4
2197.302,3.7445922317460227,18.65671641789787,8228,938.9057,0.9737278106508875,0.1032892559185461,9.040714453987118,37.0432319462621,070924_1,P4
2469.7681999999986,1.9572687023826782,25.936599423649614,4834,645.8862000000012,0.9413826679649464,0.07700207068193322,8.550095222892258,37.40494932382493,070924_1,P4
2471.776299999999,1.968624749739692,25.936599423649614,4866,648.9110000000009,0.9404715887127948,0.07880097462070465,8.40474094558517,37.22522399466453,070924_1,P4
2471.785699999999,1.9758994479173506,25.936599423649614,4884,651.9374000000008,0.9394114252740912,0.08032101268732797,8.296535793555432,37.11072239450119,070924_1,P4
2478.080499999999,1.988232424249334,25.936599423649614,4927,652.0991000000009,0.9397291626931147,0.08046734668599544,8.291300875853844,36.9221526366974,070924_1,P4
2480.533399999999,1.998360513912049,25.936599423649614,4957,654.9106000000011,0.9386479833364894,0.0825689883822883,8.139329485058322,36.75380188551571,070924_1,P4
2273.054100000001,2.3980951443258642,14.713094654244008,5451,843.6212999999989,0.9647787610619469,0.04812594212547454,12.095021331114479,91.02033145980103,070924_1,P4
2182.902100000001,2.509503289222177,14.713094654244008,5478,938.4744999999989,0.9646064447966192,0.04869082387148364,11.954851588314952,90.6971303262204,070924_1,P4
2184.5928000000013,2.513054149038666,14.713094654244008,5490,941.2593999999988,0.9638342696629213,0.04926431266638902,11.819947824151141,90.54890315131524,070924_1,P4
2184.7653000000014,2.5197214547484785,20.470829068570644,5505,945.6060999999988,0.9619080901625022,0.05109350804928722,11.440429770194982,89.53475102707286,070924_1,P4
2187.9017000000017,2.5243364452799666,20.470829068570644,5523,948.0996999999985,0.961525069637883,0.05293007334673314,11.081362206445753,89.34214994268676,070924_1,P4
2562.7785999999987,7.13756545337159,56.039850560396054,18292,553.0973000000016,0.9370901639344262,0.203733122315014,11.208878391225866,90.89593304643243,070924_1,P4
2564.6669999999986,7.196255888191336,56.039850560396054,18456,556.0248000000013,0.9358551797576188,0.20565422918792814,11.166016466351305,108.72207005335308,070924_1,P4
2568.3511999999982,7.242000237350722,56.039850560396054,18600,557.4018000000016,0.9358490566037736,0.20756255612424357,11.087991879281958,108.53599807795125,070924_1,P4
2492.2481999999986,7.514500361561104,56.039850560396054,18728,638.6223000000014,0.9358384969018588,0.2097816288192829,10.991528961660052,108.05604472352366,070924_1,P4
2495.3680999999983,7.548786088914102,56.039850560396054,18837,640.4241000000019,0.9355816032581703,0.21200011846502861,10.890287085244127,107.64573977647677,070924_1,P4
2312.7980999999963,7.022229912762392,80.85262771039372,16241,802.4356000000039,0.9364585135213054,0.1687723531120627,12.175434906206362,139.98924223977625,070924_1,P4
2315.7421999999965,7.063826016557467,80.85262771039372,16358,805.9142000000031,0.9361336843310061,0.17137414903926051,12.044269018381074,139.27689748971773,070924_1,P4
2318.8348999999967,7.117798684158163,80.85262771039372,16505,807.7784000000033,0.9361352163802393,0.17302221061491582,11.982117585227307,138.38275006373968,070924_1,P4
2322.9779999999964,7.14255580552206,80.85262771039372,16592,808.6954000000034,0.936026176238294,0.1740200738062239,11.913052233886722,137.92690880569737,070924_1,P4
2326.107499999997,7.170777790794287,80.85262771039372,16680,810.5454000000029,0.9358168761220825,0.17661217426610148,11.772379674601877,137.451783842794,070924_1,P4
2583.2503999999985,3.870317798073313,22.599318055666725,9998,533.3300000000013,0.9731360716371423,0.11389942975528594,10.417453659070588,64.73208005195936,070924_1,P4
2587.765099999999,3.8902294493422156,22.599318055666725,10067,533.8257000000012,0.9732211910286156,0.11435684158704104,10.384300192962984,64.42830281163108,070924_1,P4
2590.7719999999986,3.9119613767633763,22.599318055666725,10135,535.6909000000014,0.9725554169465502,0.1164128381740979,10.227498401345194,64.087571742416,070924_1,P4
2593.409299999999,3.929190814577554,22.599318055666725,10190,537.9521000000011,0.9715865751334859,0.11654815528697397,10.214373032093421,63.80518328354229,070924_1,P4
2597.432799999999,3.948129091154929,22.599318055666725,10255,538.8822000000013,0.9714854111405835,0.11763535342139238,10.133596032258305,63.52184924090581,070924_1,P4
2269.469099999998,3.5193252906593915,19.77121875441793,7987,847.0106000000019,0.9662472780062908,0.09529095826769379,9.70361505310206,58.126157628148576,070924_1,P4
2272.4105999999983,3.5319321252946128,19.77121875441793,8026,849.0352000000019,0.9655919153031761,0.09642056742318691,9.598971325514608,57.893275489943846,070924_1,P4
2277.1111999999985,3.555821077161276,19.77121875441793,8097,849.3046000000015,0.9656529516994633,0.0962647209466436,9.633843228072763,57.47437867714805,070924_1,P4
2281.344499999998,3.570263061979463,19.77121875441793,8145,850.0906000000018,0.965619442797866,0.0973893056388376,9.531827299145752,57.21859579208057,070924_1,P4
2285.359199999999,3.5823690210274184,19.77121875441793,8187,851.1518000000015,0.965220466871021,0.09786972672253827,9.483581456705712,56.98753820168095,070924_1,P4
2264.751000000002,4.32851116966059,29.776674937963783,9803,851.873099999998,0.9802019798020198,0.10619767037603471,10.503444204927042,48.342447001994195,070924_1,P4
2269.9035000000017,4.343356446650702,29.776674937963783,9859,851.6414999999981,0.980604734434056,0.10699163078789886,10.425183475191536,48.16373476494169,070924_1,P4
2273.415800000002,4.366997009521968,29.776674937963783,9928,853.1477999999979,0.9801559877579228,0.10745833095336584,10.389337388253514,47.88410005513811,070924_1,P4
2277.785300000002,4.382326991046957,29.776674937963783,9982,853.8062999999981,0.9800687285223367,0.10760611767281367,10.364391992158511,47.696007386638335,070924_1,P4
2281.989400000002,4.395287725701088,29.776674937963783,10030,854.218199999998,0.9797792321969327,0.10934635585735433,10.214706568958519,47.52864080247478,070924_1,P4
1666.1246000000015,6.263036990150671,37.03703703700998,10435,1450.4406999999983,0.958130566522817,0.0949695556801211,11.910318107854492,88.80107911804947,070924_1,P4
1669.4849000000022,6.287568099597658,37.03703703700998,10497,1451.8427999999979,0.9577554744525547,0.09642344924745341,11.75723442081795,88.35339142921227,070924_1,P4
1672.6190000000024,6.309864948323548,37.03703703700998,10554,1453.9234999999976,0.9571920914202794,0.09946222279262865,11.455628785714444,80.56842718141435,070924_1,P4
1676.5380000000027,6.33746446546394,37.03703703700998,10625,1455.0399999999972,0.9570347685101783,0.09994160600349547,11.410281489600548,80.14017386391063,070924_1,P4
1681.167400000003,6.363435312866512,37.03703703700998,10698,1455.4171999999967,0.9573154362416108,0.10042073738596788,11.359128318850772,79.73686122878186,070924_1,P4
1719.312,1.4441823240924279,29.553195752354323,2483,1343.7496999999998,0.9345126082047422,0.023003017871604116,20.352293748624323,188.0233786144441,070924_2,P4
1723.2927,1.4785648427571243,29.553195752354323,2548,1344.9022,0.9353891336270191,0.023587548133340408,20.32800066973806,185.4108348463615,070924_2,P4
1720.7661999999996,1.509211419889582,29.553195752354323,2597,1352.3065000000001,0.9321608040201005,0.02448069625827122,19.992982646090752,183.0690545328112,070924_2,P4
1725.147,1.531463695557538,29.553195752354323,2642,1353.0549999999998,0.9322512350035286,0.023824095256777335,20.609740632915166,181.33607021180185,070924_2,P4
1589.6935999999996,1.6820851515034096,29.553195752354323,2674,1493.2754000000004,0.9294403892944039,0.025022764537268535,19.94111753799252,173.52057154274868,070924_2,P4
2392.2633000000014,4.925879187295141,50.95541401274,11784,824.6706999999986,0.9723574552355805,0.07180398370366627,17.965074594282807,150.23341837601694,070924_2,P4
2393.4349000000007,4.953132420689611,50.95541401274,11855,828.4178999999989,0.9706074995906337,0.0738663493931088,17.53320359203593,149.4106917075009,070924_2,P4
2396.332700000001,4.972181033126158,50.95541401274,11915,830.2683999999991,0.9697240986408399,0.07530074513341047,17.22297724126604,148.83412087474846,070924_2,P4
2399.0561000000007,4.99029597515456,50.95541401274,11972,832.4908999999992,0.9690004046944557,0.07703980281523241,16.878944492220413,148.31578590067633,070924_2,P4
2401.945700000001,5.008855945411253,50.95541401274,12031,834.4921999999993,0.9683676754668383,0.07877551341940871,16.54020808189712,147.7875726672734,070924_2,P4
2783.3449999999953,5.423330560889874,37.313432835823505,15095,433.1762000000049,0.9836439463052261,0.07242804064338357,21.719043158397504,168.38011292856953,070924_2,P4
2788.2724999999955,5.453197275373919,37.313432835823505,15205,433.3125000000048,0.9837603519668737,0.07355576513948346,21.41585598312319,167.4268056998944,070924_2,P4
2688.091399999995,5.690282703928903,37.313432835823505,15296,538.5136000000053,0.9829702461281409,0.07437099107433452,21.191807966901745,166.535902597465,070924_2,P4
2692.683599999995,5.715487701562868,37.313432835823505,15390,538.9111000000054,0.9831353008815639,0.07580246422363472,20.811156575141517,165.7843122167349,070924_2,P4
2696.2791999999945,5.73568197240109,47.78021102929867,15465,540.2702000000053,0.9827158924826841,0.07877619238888525,20.099096347889496,165.1428877225677,070924_2,P4
2586.6424999999977,7.1366646144567785,54.585152838377326,18460,630.2234000000027,0.9882756036190374,0.07646660857069455,24.62538539738407,156.88648447137697,070924_2,P4
2591.2121999999968,7.171932889170568,54.585152838377326,18584,630.7262000000028,0.988247806434459,0.07852156006511392,24.0185530124923,156.02871301564872,070924_2,P4
2594.980299999997,7.200054659374493,54.585152838377326,18684,631.9674000000032,0.9876308277830638,0.0802588487317475,23.519855008964758,155.29567099562897,070924_2,P4
2598.729199999996,7.224685049908251,54.585152838377326,18775,633.1912000000034,0.9872226311915028,0.08199053464140311,23.02996759417646,154.68218311355022,070924_2,P4
2603.2351999999964,7.253666514650703,54.585152838377326,18883,633.6833000000036,0.9870883429168845,0.08310030750820854,22.73136527006744,139.86984642066523,070924_2,P4
2757.2058999999986,15.260376455744572,153.45268542214336,42076,459.82830000000126,0.9925223503880357,0.14360824417007256,29.15222096390099,230.934988264094,070924_2,P4
2761.582299999998,15.342291265409699,153.45268542214336,42369,460.4040000000016,0.9923876891366469,0.1480425561828484,28.345783033572964,229.61792889923592,070924_2,P4
2766.0484999999985,15.420192379128574,153.45268542214336,42653,460.9813000000016,0.9922763754798185,0.1515303871880283,27.732090548161523,228.37433264291678,070924_2,P4
2770.256799999998,15.492065573126663,153.45268542214336,42917,461.78280000000206,0.99204826518111,0.15469877734749518,27.190896576941945,203.88330593694127,070924_2,P4
2774.336699999998,15.56083657762233,153.45268542214336,43171,462.6609000000018,0.9917755978772772,0.15971316134069097,26.381424229582752,176.88375099590982,070924_2,P4
2799.444699999999,3.4124624787194415,36.86635944698792,9553,417.3710000000011,0.9803981937602627,0.10351350963207195,11.399244780895767,70.4479355929701,070924_2,P4
2803.895899999999,3.4263040935292937,36.86635944698792,9607,417.87670000000077,0.9803061224489796,0.10583355813912203,11.184124029248203,70.19343950650953,070924_2,P4
2808.919699999999,3.4372645113350884,36.86635944698792,9655,418.0316000000012,0.9805016756372499,0.10690873696933563,11.073496967914327,69.9957818371693,070924_2,P4
2813.392199999999,3.4566812263146263,36.86635944698792,9725,418.5984000000013,0.980441576771852,0.10767066550774253,11.00891895713812,69.64558228422528,070924_2,P4
2817.979799999999,3.472700549521328,36.86635944698792,9786,418.9482000000009,0.9803646563814866,0.10874137297846082,10.914070001602143,69.35261605174576,070924_2,P4
2306.431100000001,7.958182665851146,51.24000819839275,18355,910.4622999999988,0.9930747173077964,0.07335909916269602,25.18130541843012,295.7839212293591,070924_2,P4
2310.645900000002,7.996465403894204,51.24000819839275,18477,911.2653999999984,0.992853304674906,0.07479603338944588,24.72210547651814,294.248952735616,070924_2,P4
2313.8539000000014,8.046316148137093,60.74924063449744,18618,912.9881999999986,0.9919019712306872,0.07778162106442815,23.894884926570633,292.2043528269061,070924_2,P4
2317.514600000001,8.079345001753168,60.74924063449744,18724,914.2252999999987,0.99142221751562,0.07920619305797941,23.48655225931132,290.87541753095655,070924_2,P4
2322.5538000000006,8.108746501372755,60.74924063449744,18833,914.3279999999993,0.9915236390439086,0.08032066977058687,23.162866080321116,289.6681861611169,070924_2,P4
2064.5648,4.058966809857457,26.466696074114097,8380,1152.2249,0.9656602903894906,0.08144231226536765,13.051653997155306,57.82707613637145,070924_2,P4
2067.7042,4.074083710813181,26.466696074114097,8424,1154.2619999999997,0.9655014326647564,0.08224460613492622,12.937013785348029,57.643263018074876,070924_2,P4
2070.5780000000004,4.094991833198265,26.466696074114097,8479,1156.3833999999997,0.965058046892784,0.08273811215240967,12.877522346073048,57.38210053068448,070924_2,P4
2074.5851,4.114557652997701,26.466696074114097,8536,1157.3773999999999,0.9652832749067058,0.08415658533169901,12.693163057187508,57.14611813387693,070924_2,P4
2079.6917000000003,4.131862429416821,26.466696074114097,8593,1156.9993999999995,0.9659397482014388,0.08588201868094548,12.471034852730705,56.93244190600252,070924_2,P4
2912.009099999999,3.7389993046381633,13.86676482347637,10888,304.82930000000135,0.9993575034419458,0.008392794208002163,118.65387220335286,278.8542288528169,070924_2,P4
2916.933299999999,3.755656668597806,13.86676482347637,10955,304.9175000000013,0.9993614303959132,0.008690124229360559,114.5525605414116,277.3510665135344,070924_2,P4
2921.9153999999985,3.7714986546153955,13.86676482347637,11020,304.9175000000013,0.9993651945225356,0.008676704891167005,114.59936978588546,275.9191030650268,070924_2,P4
2926.933099999999,3.7875822990282915,13.86676482347637,11086,304.9175000000013,0.9993689714234202,0.008663124562550884,114.64472573511652,274.47799680578237,070924_2,P4
2931.8105999999984,3.804133868674875,13.86676482347637,11153,304.9175000000013,0.9992832183496102,0.008649780935030198,114.7147580117123,272.9839365536749,070924_2,P4
2245.3628999999996,2.9429541211356085,42.83266704741875,6608,971.3567000000008,0.943730362753499,0.06900756490767627,12.750520309392593,129.20293822634625,070924_2,P4
2248.2017999999994,2.958809124696903,42.83266704741875,6652,972.6353000000007,0.9434122819458233,0.06952154620139703,12.673413501038228,128.69804810773059,070924_2,P4
2246.7550999999994,2.96605535690116,42.83266704741875,6664,979.8962000000005,0.9400479616306955,0.07189346850627591,12.330235440351034,128.3416680119293,070924_2,P4
2250.1937999999996,2.9752992831106377,42.83266704741875,6695,981.5148000000008,0.9399129580233048,0.07301798104911122,12.15165458417632,128.04324969742694,070924_2,P4
2251.6681999999996,2.9862303868749405,42.83266704741875,6724,984.9340000000005,0.9379271864974195,0.0732174946066974,12.112458596447377,127.58458423115653,070924_2,P4
2201.754099999997,8.28929988139912,106.951871657754,18251,1015.2128000000037,0.9798142481344285,0.10382235683899468,18.75214241020197,156.43924117591158,070924_2,P4
2205.0313999999967,8.325505024554312,106.951871657754,18358,1016.9481000000035,0.979250013335467,0.10614392047970597,18.391272146639093,155.67252458812658,070924_2,P4
2208.7982999999967,8.360654750594486,106.951871657754,18467,1018.2040000000029,0.9790584243452444,0.10845813895439846,18.039422453456545,142.62120977585704,070924_2,P4
2212.8618999999967,8.388232451378926,106.951871657754,18562,1019.1256000000033,0.9788535569266467,0.1104552516846669,17.7199685720293,142.08307253388702,070924_2,P4
2216.141999999997,8.42364794313723,106.951871657754,18668,1020.8158000000028,0.9782528952470786,0.11306601705400067,17.353382346289447,141.40517006024476,070924_2,P4
2301.816400000002,2.208690493299116,62.30529595015616,5084,914.726299999998,0.9119282511210762,0.08361753971460122,9.754322300307084,155.11940646790433,070924_2,P4
2302.5143000000016,2.211061186460382,62.30529595015616,5091,918.3384999999984,0.9092695124129309,0.08472906624099777,9.650000197358404,154.84142041493251,070924_2,P4
2305.345700000001,2.2230939160230925,62.30529595015616,5125,921.1695999999985,0.9090102873359347,0.08645761669446377,9.518247427233588,154.29426796387708,070924_2,P4
2307.259000000002,2.235553095686265,62.30529595015616,5158,923.9941999999979,0.9082584962141222,0.08788099428061825,9.410412115674578,153.70537507592005,070924_2,P4
2308.1779000000015,2.249826583990773,62.30529595015616,5193,928.2168999999982,0.9069158225637444,0.0889794529450546,9.351320631738469,153.02933519153643,070924_2,P4
2789.1755000000026,13.336916232054945,91.86351706040166,37199,427.8382999999974,0.9925291496571413,0.10972683302870927,33.246285837811875,225.70006580772332,070924_2,P4
2793.272100000002,13.388956987040388,91.86351706040166,37399,428.75389999999805,0.9922791191297426,0.11421221765956138,31.97182746265418,224.73868478105538,070924_2,P4
2796.8669000000027,13.439323837684219,91.86351706040166,37588,430.157899999997,0.9917416427007203,0.11713410041708107,31.194575628870307,223.78569405675984,070924_2,P4
2801.1263000000017,13.488145821914555,91.86351706040166,37782,430.89469999999807,0.9913673217706174,0.11942715681345699,30.596358340541247,222.84867612549039,070924_2,P4
2805.647400000002,13.54054682708881,91.86351706040166,37990,431.36309999999776,0.9913107011455262,0.12264179066899861,29.806178588919206,221.90325678810086,070924_2,P4
2581.485300000003,4.935143345577054,33.840947546524326,12740,635.4516999999971,0.9893608759804302,0.059683190434575074,21.92833211605179,206.71196327736567,070924_2,P4
2585.741100000003,4.954479007971829,33.840947546524326,12811,636.240999999997,0.9892664092664093,0.06145180446706201,21.32957327772317,204.01157126180885,070924_2,P4
2590.1224000000034,4.966174571518312,33.840947546524326,12863,636.8878999999966,0.9888530135301353,0.06290530733937293,20.851887567967754,203.44882457267568,070924_2,P4
2593.6539000000034,4.981003826300796,33.840947546524326,12919,638.2841999999965,0.9884468247895944,0.0652840656663642,20.118127801138996,202.82591692192818,070924_2,P4
2596.3559000000037,4.99661852984022,33.840947546524326,12973,640.6375999999964,0.9875913520097442,0.06827214326646679,19.299620298527337,202.15209064642406,070924_2,P4
2535.829600000002,2.8274770512971354,23.715415019769495,7170,680.7366999999981,0.9628038136162212,0.06279139520397459,13.857455602870756,80.56859924196078,070924_2,P4
2539.4259000000015,2.8372554599840836,23.715415019769495,7205,682.5109999999981,0.9627204703367184,0.06300374676764398,13.806766112796126,80.31554154809346,070924_2,P4
2544.096600000002,2.846983090186117,23.715415019769495,7243,682.864699999998,0.9627808055297089,0.06352551485260624,13.697396938320544,80.04428531753047,070924_2,P4
2546.905000000002,2.8560154383457546,23.715415019769495,7274,685.0079999999982,0.9619148373446178,0.06435590000813422,13.521172727027949,79.77410688140434,070924_2,P4
2551.3315000000016,2.867130359186956,23.715415019769495,7315,685.3594999999981,0.9622467771639043,0.06580545756481003,13.252651306877548,79.49180303091053,070924_2,P4
2094.9281000000005,6.630776492997539,43.17656129529599,13891,846.6392999999994,0.9741917385510905,0.127817739518121,13.719405407828031,96.24194392024576,071002,P3
2095.5305000000008,6.652253450856475,43.17656129529599,13940,851.7624999999991,0.9724450645273806,0.12926805104493372,13.5779521387544,95.99439912914652,071002,P3
2098.059600000001,6.6742622564201675,43.17656129529599,14003,853.3926999999987,0.9719580759353093,0.12941309670024384,13.557106522366823,95.73809271198895,071002,P3
2101.963400000001,6.699926364084167,43.17656129529599,14083,855.1397999999987,0.9719116632160111,0.1312047637338671,13.395564707251788,95.45281377461454,071002,P3
2106.4486000000015,6.723164287037428,43.17656129529599,14162,855.8613999999986,0.9718638484765303,0.13232593687607225,13.282960629888336,95.16872418881361,071002,P3
1931.210599999997,14.899980354291783,80.22922636103065,28775,1010.8815000000029,0.9781093850912675,0.15293899813944611,20.249567556122436,170.89638782120593,071002,P3
1935.3672999999972,14.955817430624172,80.22922636103065,28945,1011.7956000000031,0.9779046589411804,0.154373524078843,20.054482009758644,170.06560558989588,071002,P3
1938.959199999998,15.012177667276356,80.22922636103065,29108,1013.193900000002,0.9774345198119543,0.15716070223737227,19.712609124594945,169.23272759530963,071002,P3
1942.4347999999977,15.062539036059297,80.22922636103065,29258,1014.6627000000021,0.9769926870805089,0.15994090369586234,19.37614866365405,168.49277444736674,071002,P3
1946.1997999999974,15.11920821284641,80.22922636103065,29425,1015.9127000000027,0.9766338079591091,0.16304577336239173,19.02696655589041,167.66934073701722,071002,P3
1996.212700000004,7.788749164856014,64.03013182674813,15548,945.778299999996,0.9519377946488704,0.1577038804433287,12.851635817725851,165.3625773211247,071002,P3
1998.660000000004,7.816236878708719,64.03013182674813,15622,948.4284999999961,0.9508795422728102,0.1608234322590837,12.628690156131555,164.84192713411215,071002,P3
2002.599300000004,7.838312936591943,64.03013182674813,15697,949.3523999999959,0.9506419573643411,0.16258252587399286,12.49942733215391,164.42078020914047,071002,P3
2006.9797000000037,7.882491287779328,64.03013182674813,15820,950.0832999999963,0.9512356442787565,0.1667068386188531,12.24628639315449,163.72645937970574,071002,P3
2009.8572000000036,7.909517153755984,64.03013182674813,15897,952.2965999999964,0.9505501076297537,0.16878312833047088,12.10816481221109,163.2409368118395,071002,P3
2097.2522999999997,8.700908326575684,76.53061224487287,18248,845.0504000000003,0.9585040445424939,0.15837439625708963,14.183214603887063,198.43554817741463,071002,P3
2099.8314999999993,8.736415279035487,76.53061224487287,18345,847.2490000000009,0.9576134050216631,0.16286016653062751,13.840381605163502,197.66377048322093,071002,P3
2102.923099999999,8.77587963154716,76.53061224487287,18455,849.1937000000007,0.9571102582719635,0.16563490348108678,13.640189037481768,196.8486454744577,071002,P3
2106.506499999999,8.811271173385892,76.53061224487287,18561,850.7330000000011,0.9568018970050003,0.1683956299102289,13.444829095537711,179.30385600435915,071002,P3
2108.984699999999,8.846436866042701,76.53061224487287,18657,853.2957000000013,0.9556910152648295,0.171145612611332,13.247537063423282,178.57007500523946,071002,P3
2430.9538000000007,12.755898528388318,105.26315789470661,31009,511.13299999999936,0.9786340970775737,0.18930261460557016,17.832927490185888,188.46860922813528,071002,P3
2434.892300000002,12.80056616877879,105.26315789470661,31168,512.3167999999986,0.9783106814400955,0.19203463409089752,17.574111549529533,187.81299848670432,071002,P3
2438.3086000000017,12.841278581390386,105.26315789470661,31311,513.9069999999983,0.9777354484136898,0.19780770801089378,17.09038404072068,187.20455658113517,071002,P3
2442.0293000000015,12.887232761703547,105.26315789470661,31471,515.1867999999985,0.9773602484472049,0.2008543138738866,16.829926528551606,186.54270411505445,071002,P3
2445.378000000001,12.919883960680101,105.26315789470661,31594,516.8084999999987,0.9768419750796153,0.20422806786340036,16.54887868142914,186.0642685912786,071002,P3
1915.6269000000011,3.0767995584108765,29.296875000003226,5894,1025.2272999999989,0.9459155833734553,0.11319823809151985,8.60017500921922,36.92894688708973,071002,P3
1920.2529000000013,3.0912594898307386,29.296875000003226,5936,1026.7412999999985,0.9459760956175299,0.11434383721156301,8.536483763960844,36.80315809394634,071002,P3
1921.789500000001,3.1059593155233687,29.296875000003226,5969,1030.0256999999988,0.9452098178939035,0.11517237900777437,8.483591000794249,36.688494075334695,071002,P3
1926.4187000000009,3.117183195948003,29.296875000003226,6005,1030.5652999999993,0.9452227294191721,0.11564912960334682,8.453658736195576,36.58475279879293,071002,P3
1930.1400000000006,3.1324152652139214,29.296875000003226,6046,1031.7313999999992,0.945426114151681,0.11613252233221652,8.421494653155394,36.464921181310146,071002,P3
2373.1291,1.3303111069684324,17.32101616630933,3157,566.9466,0.9532004830917874,0.042829054863713356,9.597313213870281,108.92852303230109,071002,P3
2376.2268,1.3332060727536614,17.32101616630933,3168,568.9818,0.9527819548872181,0.04343347010352096,9.470701745573809,108.73008563570639,071002,P3
2376.7980000000002,1.3341478745774777,17.32101616630933,3171,572.4416000000001,0.9505395683453237,0.04369686596592701,9.415340654469485,108.58770244858762,071002,P3
2379.6344000000004,1.3380206640146064,17.32101616630933,3184,577.0065,0.9495973754846406,0.04463536507992114,9.237123223158877,108.28397661246704,071002,P3
2383.9372000000003,1.3410588164822461,17.32101616630933,3197,577.4856,0.9497920380273321,0.04489700475202726,9.172530202683344,108.0872297071458,071002,P3
2524.797899999999,5.2590347924481415,32.79360524697136,13278,417.4036000000009,0.98421169668668,0.07545024936307414,18.58528891054117,103.20975847877199,071002,P3
2527.7817999999997,5.2737938060951315,32.79360524697136,13331,419.47500000000025,0.983474732571007,0.07837420282239414,17.914121799940773,102.88240062101883,071002,P3
2432.1450999999997,5.507895067609248,32.79360524697136,13396,519.5743,0.9822554626778119,0.08095195707961107,17.381329152927812,102.40282496277214,071002,P3
2435.3707000000004,5.53098548816408,32.79360524697136,13470,521.9259999999995,0.9817068726769186,0.08250603562083121,17.064011249828024,101.92832782969646,071002,P3
2438.9817000000007,5.557647275500261,32.79360524697136,13555,523.2924999999993,0.9811798769453492,0.08439190886835075,16.71231103173235,101.37261058561913,071002,P3
2218.0182000000013,7.322302404912634,41.78272980498313,16241,724.0084999999984,0.9803815042858868,0.09550280681389756,18.656938774247028,505.90771105786337,071002,P3
2221.4614000000024,7.34021306874834,41.78272980498313,16306,725.8168999999979,0.979751246770414,0.09771358025713396,18.22582661759796,504.6304650348506,071002,P3
2225.2730000000024,7.360894595854074,41.78272980498313,16380,726.9420999999975,0.9794893260778569,0.1005980639580813,17.712451521265503,503.2665804266043,071002,P3
2229.4851000000026,7.382422066870947,41.78272980498313,16459,727.5172999999972,0.9794108896161856,0.10178401681864216,17.49300847969386,501.85226804017196,071002,P3
2233.122600000002,7.403086601693962,41.78272980498313,16532,729.0945999999981,0.9787460777929075,0.10295958856403208,17.273446478055174,500.3719975084482,071002,P3
1748.7582000000004,1.8018500213465756,19.834710743801057,3151,897.4360999999994,0.9322485207100591,0.05908060600569573,8.66115669880515,45.381305651847796,071002,P3
1748.7582000000004,1.8018500213465756,19.834710743801057,3151,897.4360999999994,0.9322485207100591,0.05908060600569573,8.66115669880515,45.381305651847796,071002,P3
1748.7582000000004,1.8018500213465756,19.834710743801057,3151,897.4360999999994,0.9322485207100591,0.05908060600569573,8.66115669880515,45.381305651847796,071002,P3
1650.3043000000002,1.916010277619709,19.834710743801057,3162,995.8899999999996,0.935226264418811,0.05142062500890135,9.633629343073395,46.98211977753658,071002,P3
1650.3043000000002,1.916010277619709,19.834710743801057,3162,995.8899999999996,0.935226264418811,0.05142062500890135,9.633629343073395,46.98211977753658,071002,P3
1934.1337999999987,2.1017160239896553,70.42253521126766,4065,905.3141000000014,0.9251251706873008,0.07003203217557125,8.65256302426131,36.59886149365445,071002,P3
1936.600199999999,2.110399451574983,70.42253521126766,4087,1010.1101000000012,0.9244514815652567,0.07125453586016847,8.554092158008489,36.46475399688012,071002,P3
1939.7267999999985,2.117308478699167,70.42253521126766,4107,1011.5501000000013,0.9241674167416741,0.07214724460019367,8.45680018277359,36.35453351739999,071002,P3
1945.1531999999988,2.129395257915933,70.42253521126766,4142,1011.5970000000011,0.9247599910694352,0.07473309801086869,8.247089084301674,36.15731214522835,071002,P3
1949.307299999999,2.141273466733543,70.42253521126766,4174,1012.5494000000008,0.9244739756367664,0.07527886346064902,8.215898958255336,35.957668674580525,071002,P3
1822.5693000000017,3.118674280314057,67.11409395967992,5684,1013.5353999999982,0.9046633773674996,0.0951739467031337,11.712893110012928,82.81128801469215,071002,P3
1821.1460000000022,3.1364865859189726,67.11409395967992,5712,1123.136999999998,0.9027975343764817,0.0950476056116378,11.782362072026402,82.47286524502518,071002,P3
1822.8554000000022,3.147260062427329,67.11409395967992,5737,1125.2769999999978,0.9020440251572327,0.09658059618558155,11.666309099108117,77.44426365730195,071002,P3
1823.7203000000022,3.1600240453538806,67.11409395967992,5763,1129.4025999999976,0.9020190953200814,0.09678587968466076,11.679022977089234,77.27227985699783,071002,P3
1827.094100000002,3.171703088527292,67.11409395967992,5795,1131.0375999999978,0.9023668639053254,0.09723472872033999,11.682988733039444,77.11989042080388,071002,P3
2382.541100000001,17.028877277290196,110.09174311888391,40572,559.7679999999989,0.968814174506901,0.2759671399265214,16.752238712126193,198.0538475212757,071002,P3
2386.117300000001,17.082144285195028,110.09174311888391,40760,561.163899999999,0.9684010453789499,0.2778727393067852,16.62598756441712,197.43547477886497,071002,P3
2388.5567000000005,17.13210324879455,110.09174311888391,40921,563.7406999999994,0.9674223976926168,0.28350212718047685,16.307936214496685,196.83189456017385,071002,P3
2390.5518000000006,17.178878951713152,110.09174311888391,41067,566.742899999999,0.9663505659223004,0.2877559667095764,16.080459124821292,196.28307892683324,071002,P3
2392.8985000000007,17.226388833458664,110.09174311888391,41221,569.3776999999989,0.9655212798351017,0.2936845467444865,15.768759842711917,195.74593796656026,071002,P3
2002.8112000000021,3.148075065687666,27.28512960435912,6305,938.8247999999982,0.9474079639368895,0.11931544750584314,8.826726043448348,72.00298340390685,071002,P3
2005.2806000000026,3.157164139522415,27.28512960435912,6331,941.8079999999978,0.9469039784624589,0.11943313100162085,8.814773460239099,71.83842538265057,071002,P3
2008.6710000000019,3.171251041111259,27.28512960435912,6370,943.2485999999982,0.9470710674992566,0.12059254570050991,8.74987429554518,71.58326964792494,071002,P3
2010.0726000000018,3.1829696101523868,27.28512960435912,6398,946.9518999999984,0.9457501847745751,0.12207467568292413,8.666829357376587,71.34458973581133,071002,P3
2013.9145000000017,3.195269709811412,27.28512960435912,6435,947.8647999999982,0.9456282145481264,0.12322418753735549,8.59252272965166,71.09440701761099,071002,P3
